min_samples_split,max_depth,seed,q,Dict,Accuracy
3,2,2,3,"{'min_samples_split': 3, 'max_depth': 2, 'seed': 2, 'q': '3'}",0.6108333333333333
3,2,3,3,"{'min_samples_split': 3, 'max_depth': 2, 'seed': 3, 'q': '3'}",0.6016666666666667
3,2,4,3,"{'min_samples_split': 3, 'max_depth': 2, 'seed': 4, 'q': '3'}",0.5874999999999999
3,2,5,3,"{'min_samples_split': 3, 'max_depth': 2, 'seed': 5, 'q': '3'}",0.6033333333333334
3,2,6,3,"{'min_samples_split': 3, 'max_depth': 2, 'seed': 6, 'q': '3'}",0.605
3,2,7,3,"{'min_samples_split': 3, 'max_depth': 2, 'seed': 7, 'q': '3'}",0.5758333333333333
3,4,2,3,"{'min_samples_split': 3, 'max_depth': 4, 'seed': 2, 'q': '3'}",0.6683333333333333
3,4,3,3,"{'min_samples_split': 3, 'max_depth': 4, 'seed': 3, 'q': '3'}",0.6525
3,4,4,3,"{'min_samples_split': 3, 'max_depth': 4, 'seed': 4, 'q': '3'}",0.6325000000000001
3,4,5,3,"{'min_samples_split': 3, 'max_depth': 4, 'seed': 5, 'q': '3'}",0.6875
3,4,6,3,"{'min_samples_split': 3, 'max_depth': 4, 'seed': 6, 'q': '3'}",0.6533333333333333
3,4,7,3,"{'min_samples_split': 3, 'max_depth': 4, 'seed': 7, 'q': '3'}",0.6516666666666666
3,8,2,3,"{'min_samples_split': 3, 'max_depth': 8, 'seed': 2, 'q': '3'}",0.6116666666666667
3,8,3,3,"{'min_samples_split': 3, 'max_depth': 8, 'seed': 3, 'q': '3'}",0.6141666666666666
3,8,4,3,"{'min_samples_split': 3, 'max_depth': 8, 'seed': 4, 'q': '3'}",0.6791666666666667
3,8,5,3,"{'min_samples_split': 3, 'max_depth': 8, 'seed': 5, 'q': '3'}",0.6483333333333333
3,8,6,3,"{'min_samples_split': 3, 'max_depth': 8, 'seed': 6, 'q': '3'}",0.63
3,8,7,3,"{'min_samples_split': 3, 'max_depth': 8, 'seed': 7, 'q': '3'}",0.6541666666666666
3,16,2,3,"{'min_samples_split': 3, 'max_depth': 16, 'seed': 2, 'q': '3'}",0.6466666666666666
3,16,3,3,"{'min_samples_split': 3, 'max_depth': 16, 'seed': 3, 'q': '3'}",0.6508333333333333
3,16,4,3,"{'min_samples_split': 3, 'max_depth': 16, 'seed': 4, 'q': '3'}",0.6241666666666666
3,16,5,3,"{'min_samples_split': 3, 'max_depth': 16, 'seed': 5, 'q': '3'}",0.6583333333333332
3,16,6,3,"{'min_samples_split': 3, 'max_depth': 16, 'seed': 6, 'q': '3'}",0.6233333333333333
3,16,7,3,"{'min_samples_split': 3, 'max_depth': 16, 'seed': 7, 'q': '3'}",0.6308333333333334
3,32,2,3,"{'min_samples_split': 3, 'max_depth': 32, 'seed': 2, 'q': '3'}",0.6325
3,32,3,3,"{'min_samples_split': 3, 'max_depth': 32, 'seed': 3, 'q': '3'}",0.635
3,32,4,3,"{'min_samples_split': 3, 'max_depth': 32, 'seed': 4, 'q': '3'}",0.6191666666666666
3,32,5,3,"{'min_samples_split': 3, 'max_depth': 32, 'seed': 5, 'q': '3'}",0.6208333333333333
3,32,6,3,"{'min_samples_split': 3, 'max_depth': 32, 'seed': 6, 'q': '3'}",0.6416666666666667
3,32,7,3,"{'min_samples_split': 3, 'max_depth': 32, 'seed': 7, 'q': '3'}",0.67
3,,2,3,"{'min_samples_split': 3, 'max_depth': None, 'seed': 2, 'q': '3'}",0.635
3,,3,3,"{'min_samples_split': 3, 'max_depth': None, 'seed': 3, 'q': '3'}",0.6491666666666667
3,,4,3,"{'min_samples_split': 3, 'max_depth': None, 'seed': 4, 'q': '3'}",0.6516666666666666
3,,5,3,"{'min_samples_split': 3, 'max_depth': None, 'seed': 5, 'q': '3'}",0.6408333333333334
3,,6,3,"{'min_samples_split': 3, 'max_depth': None, 'seed': 6, 'q': '3'}",0.6416666666666667
3,,7,3,"{'min_samples_split': 3, 'max_depth': None, 'seed': 7, 'q': '3'}",0.6108333333333335
4,2,2,3,"{'min_samples_split': 4, 'max_depth': 2, 'seed': 2, 'q': '3'}",0.6141666666666667
4,2,3,3,"{'min_samples_split': 4, 'max_depth': 2, 'seed': 3, 'q': '3'}",0.5958333333333333
4,2,4,3,"{'min_samples_split': 4, 'max_depth': 2, 'seed': 4, 'q': '3'}",0.6341666666666667
4,2,5,3,"{'min_samples_split': 4, 'max_depth': 2, 'seed': 5, 'q': '3'}",0.6166666666666667
4,2,6,3,"{'min_samples_split': 4, 'max_depth': 2, 'seed': 6, 'q': '3'}",0.6225
4,2,7,3,"{'min_samples_split': 4, 'max_depth': 2, 'seed': 7, 'q': '3'}",0.5983333333333333
4,4,2,3,"{'min_samples_split': 4, 'max_depth': 4, 'seed': 2, 'q': '3'}",0.6175
4,4,3,3,"{'min_samples_split': 4, 'max_depth': 4, 'seed': 3, 'q': '3'}",0.6258333333333332
4,4,4,3,"{'min_samples_split': 4, 'max_depth': 4, 'seed': 4, 'q': '3'}",0.635
4,4,5,3,"{'min_samples_split': 4, 'max_depth': 4, 'seed': 5, 'q': '3'}",0.6399999999999999
4,4,6,3,"{'min_samples_split': 4, 'max_depth': 4, 'seed': 6, 'q': '3'}",0.6358333333333334
4,4,7,3,"{'min_samples_split': 4, 'max_depth': 4, 'seed': 7, 'q': '3'}",0.6391666666666667
4,8,2,3,"{'min_samples_split': 4, 'max_depth': 8, 'seed': 2, 'q': '3'}",0.6458333333333334
4,8,3,3,"{'min_samples_split': 4, 'max_depth': 8, 'seed': 3, 'q': '3'}",0.665
4,8,4,3,"{'min_samples_split': 4, 'max_depth': 8, 'seed': 4, 'q': '3'}",0.6283333333333334
4,8,5,3,"{'min_samples_split': 4, 'max_depth': 8, 'seed': 5, 'q': '3'}",0.6625000000000001
4,8,6,3,"{'min_samples_split': 4, 'max_depth': 8, 'seed': 6, 'q': '3'}",0.6433333333333333
4,8,7,3,"{'min_samples_split': 4, 'max_depth': 8, 'seed': 7, 'q': '3'}",0.6508333333333334
4,16,2,3,"{'min_samples_split': 4, 'max_depth': 16, 'seed': 2, 'q': '3'}",0.6266666666666666
4,16,3,3,"{'min_samples_split': 4, 'max_depth': 16, 'seed': 3, 'q': '3'}",0.6541666666666667
4,16,4,3,"{'min_samples_split': 4, 'max_depth': 16, 'seed': 4, 'q': '3'}",0.6566666666666667
4,16,5,3,"{'min_samples_split': 4, 'max_depth': 16, 'seed': 5, 'q': '3'}",0.6533333333333333
4,16,6,3,"{'min_samples_split': 4, 'max_depth': 16, 'seed': 6, 'q': '3'}",0.6683333333333333
4,16,7,3,"{'min_samples_split': 4, 'max_depth': 16, 'seed': 7, 'q': '3'}",0.6325000000000001
4,32,2,3,"{'min_samples_split': 4, 'max_depth': 32, 'seed': 2, 'q': '3'}",0.6491666666666667
4,32,3,3,"{'min_samples_split': 4, 'max_depth': 32, 'seed': 3, 'q': '3'}",0.6525
4,32,4,3,"{'min_samples_split': 4, 'max_depth': 32, 'seed': 4, 'q': '3'}",0.6691666666666667
4,32,5,3,"{'min_samples_split': 4, 'max_depth': 32, 'seed': 5, 'q': '3'}",0.6091666666666667
4,32,6,3,"{'min_samples_split': 4, 'max_depth': 32, 'seed': 6, 'q': '3'}",0.6249999999999999
4,32,7,3,"{'min_samples_split': 4, 'max_depth': 32, 'seed': 7, 'q': '3'}",0.6166666666666667
4,,2,3,"{'min_samples_split': 4, 'max_depth': None, 'seed': 2, 'q': '3'}",0.6633333333333332
4,,3,3,"{'min_samples_split': 4, 'max_depth': None, 'seed': 3, 'q': '3'}",0.6366666666666667
4,,4,3,"{'min_samples_split': 4, 'max_depth': None, 'seed': 4, 'q': '3'}",0.6233333333333333
4,,5,3,"{'min_samples_split': 4, 'max_depth': None, 'seed': 5, 'q': '3'}",0.6266666666666667
4,,6,3,"{'min_samples_split': 4, 'max_depth': None, 'seed': 6, 'q': '3'}",0.6475
4,,7,3,"{'min_samples_split': 4, 'max_depth': None, 'seed': 7, 'q': '3'}",0.615
5,2,2,3,"{'min_samples_split': 5, 'max_depth': 2, 'seed': 2, 'q': '3'}",0.5933333333333333
5,2,3,3,"{'min_samples_split': 5, 'max_depth': 2, 'seed': 3, 'q': '3'}",0.5658333333333334
5,2,4,3,"{'min_samples_split': 5, 'max_depth': 2, 'seed': 4, 'q': '3'}",0.6141666666666666
5,2,5,3,"{'min_samples_split': 5, 'max_depth': 2, 'seed': 5, 'q': '3'}",0.5841666666666667
5,2,6,3,"{'min_samples_split': 5, 'max_depth': 2, 'seed': 6, 'q': '3'}",0.6233333333333333
5,2,7,3,"{'min_samples_split': 5, 'max_depth': 2, 'seed': 7, 'q': '3'}",0.6133333333333333
5,4,2,3,"{'min_samples_split': 5, 'max_depth': 4, 'seed': 2, 'q': '3'}",0.6483333333333333
5,4,3,3,"{'min_samples_split': 5, 'max_depth': 4, 'seed': 3, 'q': '3'}",0.65
5,4,4,3,"{'min_samples_split': 5, 'max_depth': 4, 'seed': 4, 'q': '3'}",0.6466666666666667
5,4,5,3,"{'min_samples_split': 5, 'max_depth': 4, 'seed': 5, 'q': '3'}",0.6616666666666666
5,4,6,3,"{'min_samples_split': 5, 'max_depth': 4, 'seed': 6, 'q': '3'}",0.6283333333333334
5,4,7,3,"{'min_samples_split': 5, 'max_depth': 4, 'seed': 7, 'q': '3'}",0.6391666666666667
5,8,2,3,"{'min_samples_split': 5, 'max_depth': 8, 'seed': 2, 'q': '3'}",0.6008333333333333
5,8,3,3,"{'min_samples_split': 5, 'max_depth': 8, 'seed': 3, 'q': '3'}",0.6775
5,8,4,3,"{'min_samples_split': 5, 'max_depth': 8, 'seed': 4, 'q': '3'}",0.6233333333333333
5,8,5,3,"{'min_samples_split': 5, 'max_depth': 8, 'seed': 5, 'q': '3'}",0.6291666666666667
5,8,6,3,"{'min_samples_split': 5, 'max_depth': 8, 'seed': 6, 'q': '3'}",0.6525
5,8,7,3,"{'min_samples_split': 5, 'max_depth': 8, 'seed': 7, 'q': '3'}",0.6091666666666666
5,16,2,3,"{'min_samples_split': 5, 'max_depth': 16, 'seed': 2, 'q': '3'}",0.6233333333333333
5,16,3,3,"{'min_samples_split': 5, 'max_depth': 16, 'seed': 3, 'q': '3'}",0.6416666666666667
5,16,4,3,"{'min_samples_split': 5, 'max_depth': 16, 'seed': 4, 'q': '3'}",0.6283333333333334
5,16,5,3,"{'min_samples_split': 5, 'max_depth': 16, 'seed': 5, 'q': '3'}",0.6491666666666667
5,16,6,3,"{'min_samples_split': 5, 'max_depth': 16, 'seed': 6, 'q': '3'}",0.6733333333333333
5,16,7,3,"{'min_samples_split': 5, 'max_depth': 16, 'seed': 7, 'q': '3'}",0.6691666666666667
5,32,2,3,"{'min_samples_split': 5, 'max_depth': 32, 'seed': 2, 'q': '3'}",0.6425000000000001
5,32,3,3,"{'min_samples_split': 5, 'max_depth': 32, 'seed': 3, 'q': '3'}",0.6825000000000001
5,32,4,3,"{'min_samples_split': 5, 'max_depth': 32, 'seed': 4, 'q': '3'}",0.645
5,32,5,3,"{'min_samples_split': 5, 'max_depth': 32, 'seed': 5, 'q': '3'}",0.655
5,32,6,3,"{'min_samples_split': 5, 'max_depth': 32, 'seed': 6, 'q': '3'}",0.6575
5,32,7,3,"{'min_samples_split': 5, 'max_depth': 32, 'seed': 7, 'q': '3'}",0.6208333333333333
5,,2,3,"{'min_samples_split': 5, 'max_depth': None, 'seed': 2, 'q': '3'}",0.6516666666666666
5,,3,3,"{'min_samples_split': 5, 'max_depth': None, 'seed': 3, 'q': '3'}",0.6183333333333334
5,,4,3,"{'min_samples_split': 5, 'max_depth': None, 'seed': 4, 'q': '3'}",0.6641666666666667
5,,5,3,"{'min_samples_split': 5, 'max_depth': None, 'seed': 5, 'q': '3'}",0.675
5,,6,3,"{'min_samples_split': 5, 'max_depth': None, 'seed': 6, 'q': '3'}",0.6208333333333333
5,,7,3,"{'min_samples_split': 5, 'max_depth': None, 'seed': 7, 'q': '3'}",0.6408333333333334
10,2,2,3,"{'min_samples_split': 10, 'max_depth': 2, 'seed': 2, 'q': '3'}",0.6091666666666666
10,2,3,3,"{'min_samples_split': 10, 'max_depth': 2, 'seed': 3, 'q': '3'}",0.5825
10,2,4,3,"{'min_samples_split': 10, 'max_depth': 2, 'seed': 4, 'q': '3'}",0.6291666666666667
10,2,5,3,"{'min_samples_split': 10, 'max_depth': 2, 'seed': 5, 'q': '3'}",0.6233333333333333
10,2,6,3,"{'min_samples_split': 10, 'max_depth': 2, 'seed': 6, 'q': '3'}",0.6125
10,2,7,3,"{'min_samples_split': 10, 'max_depth': 2, 'seed': 7, 'q': '3'}",0.6233333333333333
10,4,2,3,"{'min_samples_split': 10, 'max_depth': 4, 'seed': 2, 'q': '3'}",0.6208333333333333
10,4,3,3,"{'min_samples_split': 10, 'max_depth': 4, 'seed': 3, 'q': '3'}",0.5983333333333334
10,4,4,3,"{'min_samples_split': 10, 'max_depth': 4, 'seed': 4, 'q': '3'}",0.6583333333333334
10,4,5,3,"{'min_samples_split': 10, 'max_depth': 4, 'seed': 5, 'q': '3'}",0.6358333333333333
10,4,6,3,"{'min_samples_split': 10, 'max_depth': 4, 'seed': 6, 'q': '3'}",0.6241666666666666
10,4,7,3,"{'min_samples_split': 10, 'max_depth': 4, 'seed': 7, 'q': '3'}",0.6225
10,8,2,3,"{'min_samples_split': 10, 'max_depth': 8, 'seed': 2, 'q': '3'}",0.6391666666666668
10,8,3,3,"{'min_samples_split': 10, 'max_depth': 8, 'seed': 3, 'q': '3'}",0.6358333333333334
10,8,4,3,"{'min_samples_split': 10, 'max_depth': 8, 'seed': 4, 'q': '3'}",0.6408333333333334
10,8,5,3,"{'min_samples_split': 10, 'max_depth': 8, 'seed': 5, 'q': '3'}",0.625
10,8,6,3,"{'min_samples_split': 10, 'max_depth': 8, 'seed': 6, 'q': '3'}",0.6591666666666667
10,8,7,3,"{'min_samples_split': 10, 'max_depth': 8, 'seed': 7, 'q': '3'}",0.6683333333333332
10,16,2,3,"{'min_samples_split': 10, 'max_depth': 16, 'seed': 2, 'q': '3'}",0.6658333333333333
10,16,3,3,"{'min_samples_split': 10, 'max_depth': 16, 'seed': 3, 'q': '3'}",0.655
10,16,4,3,"{'min_samples_split': 10, 'max_depth': 16, 'seed': 4, 'q': '3'}",0.6483333333333333
10,16,5,3,"{'min_samples_split': 10, 'max_depth': 16, 'seed': 5, 'q': '3'}",0.6641666666666667
10,16,6,3,"{'min_samples_split': 10, 'max_depth': 16, 'seed': 6, 'q': '3'}",0.6241666666666666
10,16,7,3,"{'min_samples_split': 10, 'max_depth': 16, 'seed': 7, 'q': '3'}",0.6408333333333334
10,32,2,3,"{'min_samples_split': 10, 'max_depth': 32, 'seed': 2, 'q': '3'}",0.6258333333333334
10,32,3,3,"{'min_samples_split': 10, 'max_depth': 32, 'seed': 3, 'q': '3'}",0.6158333333333333
10,32,4,3,"{'min_samples_split': 10, 'max_depth': 32, 'seed': 4, 'q': '3'}",0.6283333333333333
10,32,5,3,"{'min_samples_split': 10, 'max_depth': 32, 'seed': 5, 'q': '3'}",0.6491666666666667
10,32,6,3,"{'min_samples_split': 10, 'max_depth': 32, 'seed': 6, 'q': '3'}",0.6258333333333334
10,32,7,3,"{'min_samples_split': 10, 'max_depth': 32, 'seed': 7, 'q': '3'}",0.6216666666666667
10,,2,3,"{'min_samples_split': 10, 'max_depth': None, 'seed': 2, 'q': '3'}",0.6691666666666667
10,,3,3,"{'min_samples_split': 10, 'max_depth': None, 'seed': 3, 'q': '3'}",0.6266666666666667
10,,4,3,"{'min_samples_split': 10, 'max_depth': None, 'seed': 4, 'q': '3'}",0.6316666666666666
10,,5,3,"{'min_samples_split': 10, 'max_depth': None, 'seed': 5, 'q': '3'}",0.65
10,,6,3,"{'min_samples_split': 10, 'max_depth': None, 'seed': 6, 'q': '3'}",0.64
10,,7,3,"{'min_samples_split': 10, 'max_depth': None, 'seed': 7, 'q': '3'}",0.64
15,2,2,3,"{'min_samples_split': 15, 'max_depth': 2, 'seed': 2, 'q': '3'}",0.5766666666666667
15,2,3,3,"{'min_samples_split': 15, 'max_depth': 2, 'seed': 3, 'q': '3'}",0.6208333333333333
15,2,4,3,"{'min_samples_split': 15, 'max_depth': 2, 'seed': 4, 'q': '3'}",0.6141666666666666
15,2,5,3,"{'min_samples_split': 15, 'max_depth': 2, 'seed': 5, 'q': '3'}",0.6000000000000001
15,2,6,3,"{'min_samples_split': 15, 'max_depth': 2, 'seed': 6, 'q': '3'}",0.6091666666666666
15,2,7,3,"{'min_samples_split': 15, 'max_depth': 2, 'seed': 7, 'q': '3'}",0.6333333333333333
15,4,2,3,"{'min_samples_split': 15, 'max_depth': 4, 'seed': 2, 'q': '3'}",0.6508333333333334
15,4,3,3,"{'min_samples_split': 15, 'max_depth': 4, 'seed': 3, 'q': '3'}",0.6216666666666667
15,4,4,3,"{'min_samples_split': 15, 'max_depth': 4, 'seed': 4, 'q': '3'}",0.6441666666666667
15,4,5,3,"{'min_samples_split': 15, 'max_depth': 4, 'seed': 5, 'q': '3'}",0.6366666666666667
15,4,6,3,"{'min_samples_split': 15, 'max_depth': 4, 'seed': 6, 'q': '3'}",0.6283333333333333
15,4,7,3,"{'min_samples_split': 15, 'max_depth': 4, 'seed': 7, 'q': '3'}",0.655
15,8,2,3,"{'min_samples_split': 15, 'max_depth': 8, 'seed': 2, 'q': '3'}",0.625
15,8,3,3,"{'min_samples_split': 15, 'max_depth': 8, 'seed': 3, 'q': '3'}",0.6341666666666667
15,8,4,3,"{'min_samples_split': 15, 'max_depth': 8, 'seed': 4, 'q': '3'}",0.6325
15,8,5,3,"{'min_samples_split': 15, 'max_depth': 8, 'seed': 5, 'q': '3'}",0.6491666666666667
15,8,6,3,"{'min_samples_split': 15, 'max_depth': 8, 'seed': 6, 'q': '3'}",0.6383333333333333
15,8,7,3,"{'min_samples_split': 15, 'max_depth': 8, 'seed': 7, 'q': '3'}",0.6166666666666667
15,16,2,3,"{'min_samples_split': 15, 'max_depth': 16, 'seed': 2, 'q': '3'}",0.6508333333333333
15,16,3,3,"{'min_samples_split': 15, 'max_depth': 16, 'seed': 3, 'q': '3'}",0.6558333333333333
15,16,4,3,"{'min_samples_split': 15, 'max_depth': 16, 'seed': 4, 'q': '3'}",0.6633333333333332
15,16,5,3,"{'min_samples_split': 15, 'max_depth': 16, 'seed': 5, 'q': '3'}",0.6299999999999999
15,16,6,3,"{'min_samples_split': 15, 'max_depth': 16, 'seed': 6, 'q': '3'}",0.6066666666666666
15,16,7,3,"{'min_samples_split': 15, 'max_depth': 16, 'seed': 7, 'q': '3'}",0.635
15,32,2,3,"{'min_samples_split': 15, 'max_depth': 32, 'seed': 2, 'q': '3'}",0.6625
15,32,3,3,"{'min_samples_split': 15, 'max_depth': 32, 'seed': 3, 'q': '3'}",0.6091666666666666
15,32,4,3,"{'min_samples_split': 15, 'max_depth': 32, 'seed': 4, 'q': '3'}",0.6341666666666667
15,32,5,3,"{'min_samples_split': 15, 'max_depth': 32, 'seed': 5, 'q': '3'}",0.6091666666666666
15,32,6,3,"{'min_samples_split': 15, 'max_depth': 32, 'seed': 6, 'q': '3'}",0.6366666666666667
15,32,7,3,"{'min_samples_split': 15, 'max_depth': 32, 'seed': 7, 'q': '3'}",0.6766666666666666
15,,2,3,"{'min_samples_split': 15, 'max_depth': None, 'seed': 2, 'q': '3'}",0.66
15,,3,3,"{'min_samples_split': 15, 'max_depth': None, 'seed': 3, 'q': '3'}",0.6541666666666667
15,,4,3,"{'min_samples_split': 15, 'max_depth': None, 'seed': 4, 'q': '3'}",0.6208333333333333
15,,5,3,"{'min_samples_split': 15, 'max_depth': None, 'seed': 5, 'q': '3'}",0.6208333333333333
15,,6,3,"{'min_samples_split': 15, 'max_depth': None, 'seed': 6, 'q': '3'}",0.6708333333333334
15,,7,3,"{'min_samples_split': 15, 'max_depth': None, 'seed': 7, 'q': '3'}",0.6491666666666667
20,2,2,3,"{'min_samples_split': 20, 'max_depth': 2, 'seed': 2, 'q': '3'}",0.6008333333333333
20,2,3,3,"{'min_samples_split': 20, 'max_depth': 2, 'seed': 3, 'q': '3'}",0.6133333333333333
20,2,4,3,"{'min_samples_split': 20, 'max_depth': 2, 'seed': 4, 'q': '3'}",0.6275
20,2,5,3,"{'min_samples_split': 20, 'max_depth': 2, 'seed': 5, 'q': '3'}",0.5908333333333333
20,2,6,3,"{'min_samples_split': 20, 'max_depth': 2, 'seed': 6, 'q': '3'}",0.5758333333333334
20,2,7,3,"{'min_samples_split': 20, 'max_depth': 2, 'seed': 7, 'q': '3'}",0.6133333333333333
20,4,2,3,"{'min_samples_split': 20, 'max_depth': 4, 'seed': 2, 'q': '3'}",0.6008333333333333
20,4,3,3,"{'min_samples_split': 20, 'max_depth': 4, 'seed': 3, 'q': '3'}",0.6666666666666666
20,4,4,3,"{'min_samples_split': 20, 'max_depth': 4, 'seed': 4, 'q': '3'}",0.6325000000000001
20,4,5,3,"{'min_samples_split': 20, 'max_depth': 4, 'seed': 5, 'q': '3'}",0.6549999999999999
20,4,6,3,"{'min_samples_split': 20, 'max_depth': 4, 'seed': 6, 'q': '3'}",0.6508333333333333
20,4,7,3,"{'min_samples_split': 20, 'max_depth': 4, 'seed': 7, 'q': '3'}",0.6383333333333333
20,8,2,3,"{'min_samples_split': 20, 'max_depth': 8, 'seed': 2, 'q': '3'}",0.6466666666666667
20,8,3,3,"{'min_samples_split': 20, 'max_depth': 8, 'seed': 3, 'q': '3'}",0.6358333333333333
20,8,4,3,"{'min_samples_split': 20, 'max_depth': 8, 'seed': 4, 'q': '3'}",0.6375
20,8,5,3,"{'min_samples_split': 20, 'max_depth': 8, 'seed': 5, 'q': '3'}",0.6383333333333333
20,8,6,3,"{'min_samples_split': 20, 'max_depth': 8, 'seed': 6, 'q': '3'}",0.685
20,8,7,3,"{'min_samples_split': 20, 'max_depth': 8, 'seed': 7, 'q': '3'}",0.6383333333333334
20,16,2,3,"{'min_samples_split': 20, 'max_depth': 16, 'seed': 2, 'q': '3'}",0.6391666666666667
20,16,3,3,"{'min_samples_split': 20, 'max_depth': 16, 'seed': 3, 'q': '3'}",0.6258333333333334
20,16,4,3,"{'min_samples_split': 20, 'max_depth': 16, 'seed': 4, 'q': '3'}",0.6266666666666666
20,16,5,3,"{'min_samples_split': 20, 'max_depth': 16, 'seed': 5, 'q': '3'}",0.64
20,16,6,3,"{'min_samples_split': 20, 'max_depth': 16, 'seed': 6, 'q': '3'}",0.6633333333333333
20,16,7,3,"{'min_samples_split': 20, 'max_depth': 16, 'seed': 7, 'q': '3'}",0.6341666666666665
20,32,2,3,"{'min_samples_split': 20, 'max_depth': 32, 'seed': 2, 'q': '3'}",0.6608333333333334
20,32,3,3,"{'min_samples_split': 20, 'max_depth': 32, 'seed': 3, 'q': '3'}",0.6875
20,32,4,3,"{'min_samples_split': 20, 'max_depth': 32, 'seed': 4, 'q': '3'}",0.6191666666666666
20,32,5,3,"{'min_samples_split': 20, 'max_depth': 32, 'seed': 5, 'q': '3'}",0.6391666666666667
20,32,6,3,"{'min_samples_split': 20, 'max_depth': 32, 'seed': 6, 'q': '3'}",0.6625
20,32,7,3,"{'min_samples_split': 20, 'max_depth': 32, 'seed': 7, 'q': '3'}",0.6475000000000001
20,,2,3,"{'min_samples_split': 20, 'max_depth': None, 'seed': 2, 'q': '3'}",0.6533333333333333
20,,3,3,"{'min_samples_split': 20, 'max_depth': None, 'seed': 3, 'q': '3'}",0.6425
20,,4,3,"{'min_samples_split': 20, 'max_depth': None, 'seed': 4, 'q': '3'}",0.615
20,,5,3,"{'min_samples_split': 20, 'max_depth': None, 'seed': 5, 'q': '3'}",0.6433333333333333
20,,6,3,"{'min_samples_split': 20, 'max_depth': None, 'seed': 6, 'q': '3'}",0.6375
20,,7,3,"{'min_samples_split': 20, 'max_depth': None, 'seed': 7, 'q': '3'}",0.6375
25,2,2,3,"{'min_samples_split': 25, 'max_depth': 2, 'seed': 2, 'q': '3'}",0.6316666666666666
25,2,3,3,"{'min_samples_split': 25, 'max_depth': 2, 'seed': 3, 'q': '3'}",0.6316666666666667
25,2,4,3,"{'min_samples_split': 25, 'max_depth': 2, 'seed': 4, 'q': '3'}",0.6
25,2,5,3,"{'min_samples_split': 25, 'max_depth': 2, 'seed': 5, 'q': '3'}",0.5966666666666667
25,2,6,3,"{'min_samples_split': 25, 'max_depth': 2, 'seed': 6, 'q': '3'}",0.58
25,2,7,3,"{'min_samples_split': 25, 'max_depth': 2, 'seed': 7, 'q': '3'}",0.5925
25,4,2,3,"{'min_samples_split': 25, 'max_depth': 4, 'seed': 2, 'q': '3'}",0.6166666666666667
25,4,3,3,"{'min_samples_split': 25, 'max_depth': 4, 'seed': 3, 'q': '3'}",0.63
25,4,4,3,"{'min_samples_split': 25, 'max_depth': 4, 'seed': 4, 'q': '3'}",0.6325
25,4,5,3,"{'min_samples_split': 25, 'max_depth': 4, 'seed': 5, 'q': '3'}",0.6366666666666667
25,4,6,3,"{'min_samples_split': 25, 'max_depth': 4, 'seed': 6, 'q': '3'}",0.6191666666666666
25,4,7,3,"{'min_samples_split': 25, 'max_depth': 4, 'seed': 7, 'q': '3'}",0.6616666666666667
25,8,2,3,"{'min_samples_split': 25, 'max_depth': 8, 'seed': 2, 'q': '3'}",0.6433333333333333
25,8,3,3,"{'min_samples_split': 25, 'max_depth': 8, 'seed': 3, 'q': '3'}",0.6258333333333332
25,8,4,3,"{'min_samples_split': 25, 'max_depth': 8, 'seed': 4, 'q': '3'}",0.6091666666666666
25,8,5,3,"{'min_samples_split': 25, 'max_depth': 8, 'seed': 5, 'q': '3'}",0.6058333333333333
25,8,6,3,"{'min_samples_split': 25, 'max_depth': 8, 'seed': 6, 'q': '3'}",0.6516666666666666
25,8,7,3,"{'min_samples_split': 25, 'max_depth': 8, 'seed': 7, 'q': '3'}",0.63
25,16,2,3,"{'min_samples_split': 25, 'max_depth': 16, 'seed': 2, 'q': '3'}",0.6675
25,16,3,3,"{'min_samples_split': 25, 'max_depth': 16, 'seed': 3, 'q': '3'}",0.6566666666666667
25,16,4,3,"{'min_samples_split': 25, 'max_depth': 16, 'seed': 4, 'q': '3'}",0.6208333333333333
25,16,5,3,"{'min_samples_split': 25, 'max_depth': 16, 'seed': 5, 'q': '3'}",0.61
25,16,6,3,"{'min_samples_split': 25, 'max_depth': 16, 'seed': 6, 'q': '3'}",0.6425
25,16,7,3,"{'min_samples_split': 25, 'max_depth': 16, 'seed': 7, 'q': '3'}",0.6566666666666666
25,32,2,3,"{'min_samples_split': 25, 'max_depth': 32, 'seed': 2, 'q': '3'}",0.6275
25,32,3,3,"{'min_samples_split': 25, 'max_depth': 32, 'seed': 3, 'q': '3'}",0.6275
25,32,4,3,"{'min_samples_split': 25, 'max_depth': 32, 'seed': 4, 'q': '3'}",0.6016666666666666
25,32,5,3,"{'min_samples_split': 25, 'max_depth': 32, 'seed': 5, 'q': '3'}",0.6741666666666667
25,32,6,3,"{'min_samples_split': 25, 'max_depth': 32, 'seed': 6, 'q': '3'}",0.6233333333333334
25,32,7,3,"{'min_samples_split': 25, 'max_depth': 32, 'seed': 7, 'q': '3'}",0.6066666666666667
25,,2,3,"{'min_samples_split': 25, 'max_depth': None, 'seed': 2, 'q': '3'}",0.6174999999999999
25,,3,3,"{'min_samples_split': 25, 'max_depth': None, 'seed': 3, 'q': '3'}",0.6425000000000001
25,,4,3,"{'min_samples_split': 25, 'max_depth': None, 'seed': 4, 'q': '3'}",0.6491666666666667
25,,5,3,"{'min_samples_split': 25, 'max_depth': None, 'seed': 5, 'q': '3'}",0.6291666666666667
25,,6,3,"{'min_samples_split': 25, 'max_depth': None, 'seed': 6, 'q': '3'}",0.6575
25,,7,3,"{'min_samples_split': 25, 'max_depth': None, 'seed': 7, 'q': '3'}",0.6008333333333333
3,2,2,4,"{'min_samples_split': 3, 'max_depth': 2, 'seed': 2, 'q': '4'}",0.6425000000000001
3,2,3,4,"{'min_samples_split': 3, 'max_depth': 2, 'seed': 3, 'q': '4'}",0.6691666666666667
3,2,4,4,"{'min_samples_split': 3, 'max_depth': 2, 'seed': 4, 'q': '4'}",0.6775
3,2,5,4,"{'min_samples_split': 3, 'max_depth': 2, 'seed': 5, 'q': '4'}",0.6483333333333334
3,2,6,4,"{'min_samples_split': 3, 'max_depth': 2, 'seed': 6, 'q': '4'}",0.6566666666666667
3,2,7,4,"{'min_samples_split': 3, 'max_depth': 2, 'seed': 7, 'q': '4'}",0.6483333333333333
3,4,2,4,"{'min_samples_split': 3, 'max_depth': 4, 'seed': 2, 'q': '4'}",0.7833333333333333
3,4,3,4,"{'min_samples_split': 3, 'max_depth': 4, 'seed': 3, 'q': '4'}",0.7766666666666666
3,4,4,4,"{'min_samples_split': 3, 'max_depth': 4, 'seed': 4, 'q': '4'}",0.7541666666666667
3,4,5,4,"{'min_samples_split': 3, 'max_depth': 4, 'seed': 5, 'q': '4'}",0.75
3,4,6,4,"{'min_samples_split': 3, 'max_depth': 4, 'seed': 6, 'q': '4'}",0.7916666666666667
3,4,7,4,"{'min_samples_split': 3, 'max_depth': 4, 'seed': 7, 'q': '4'}",0.7725
3,8,2,4,"{'min_samples_split': 3, 'max_depth': 8, 'seed': 2, 'q': '4'}",0.7233333333333334
3,8,3,4,"{'min_samples_split': 3, 'max_depth': 8, 'seed': 3, 'q': '4'}",0.7583333333333333
3,8,4,4,"{'min_samples_split': 3, 'max_depth': 8, 'seed': 4, 'q': '4'}",0.7983333333333332
3,8,5,4,"{'min_samples_split': 3, 'max_depth': 8, 'seed': 5, 'q': '4'}",0.7666666666666667
3,8,6,4,"{'min_samples_split': 3, 'max_depth': 8, 'seed': 6, 'q': '4'}",0.7683333333333333
3,8,7,4,"{'min_samples_split': 3, 'max_depth': 8, 'seed': 7, 'q': '4'}",0.755
3,16,2,4,"{'min_samples_split': 3, 'max_depth': 16, 'seed': 2, 'q': '4'}",0.7275
3,16,3,4,"{'min_samples_split': 3, 'max_depth': 16, 'seed': 3, 'q': '4'}",0.7633333333333333
3,16,4,4,"{'min_samples_split': 3, 'max_depth': 16, 'seed': 4, 'q': '4'}",0.74
3,16,5,4,"{'min_samples_split': 3, 'max_depth': 16, 'seed': 5, 'q': '4'}",0.7516666666666667
3,16,6,4,"{'min_samples_split': 3, 'max_depth': 16, 'seed': 6, 'q': '4'}",0.7849999999999999
3,16,7,4,"{'min_samples_split': 3, 'max_depth': 16, 'seed': 7, 'q': '4'}",0.7691666666666667
3,32,2,4,"{'min_samples_split': 3, 'max_depth': 32, 'seed': 2, 'q': '4'}",0.7375
3,32,3,4,"{'min_samples_split': 3, 'max_depth': 32, 'seed': 3, 'q': '4'}",0.7633333333333333
3,32,4,4,"{'min_samples_split': 3, 'max_depth': 32, 'seed': 4, 'q': '4'}",0.7625000000000001
3,32,5,4,"{'min_samples_split': 3, 'max_depth': 32, 'seed': 5, 'q': '4'}",0.7525
3,32,6,4,"{'min_samples_split': 3, 'max_depth': 32, 'seed': 6, 'q': '4'}",0.7725
3,32,7,4,"{'min_samples_split': 3, 'max_depth': 32, 'seed': 7, 'q': '4'}",0.7741666666666667
3,,2,4,"{'min_samples_split': 3, 'max_depth': None, 'seed': 2, 'q': '4'}",0.7825
3,,3,4,"{'min_samples_split': 3, 'max_depth': None, 'seed': 3, 'q': '4'}",0.7641666666666667
3,,4,4,"{'min_samples_split': 3, 'max_depth': None, 'seed': 4, 'q': '4'}",0.7883333333333333
3,,5,4,"{'min_samples_split': 3, 'max_depth': None, 'seed': 5, 'q': '4'}",0.7466666666666667
3,,6,4,"{'min_samples_split': 3, 'max_depth': None, 'seed': 6, 'q': '4'}",0.7983333333333333
3,,7,4,"{'min_samples_split': 3, 'max_depth': None, 'seed': 7, 'q': '4'}",0.7475
4,2,2,4,"{'min_samples_split': 4, 'max_depth': 2, 'seed': 2, 'q': '4'}",0.6433333333333333
4,2,3,4,"{'min_samples_split': 4, 'max_depth': 2, 'seed': 3, 'q': '4'}",0.6691666666666667
4,2,4,4,"{'min_samples_split': 4, 'max_depth': 2, 'seed': 4, 'q': '4'}",0.6566666666666667
4,2,5,4,"{'min_samples_split': 4, 'max_depth': 2, 'seed': 5, 'q': '4'}",0.6525
4,2,6,4,"{'min_samples_split': 4, 'max_depth': 2, 'seed': 6, 'q': '4'}",0.6566666666666667
4,2,7,4,"{'min_samples_split': 4, 'max_depth': 2, 'seed': 7, 'q': '4'}",0.6708333333333334
4,4,2,4,"{'min_samples_split': 4, 'max_depth': 4, 'seed': 2, 'q': '4'}",0.7233333333333333
4,4,3,4,"{'min_samples_split': 4, 'max_depth': 4, 'seed': 3, 'q': '4'}",0.745
4,4,4,4,"{'min_samples_split': 4, 'max_depth': 4, 'seed': 4, 'q': '4'}",0.7575000000000001
4,4,5,4,"{'min_samples_split': 4, 'max_depth': 4, 'seed': 5, 'q': '4'}",0.7475
4,4,6,4,"{'min_samples_split': 4, 'max_depth': 4, 'seed': 6, 'q': '4'}",0.7541666666666667
4,4,7,4,"{'min_samples_split': 4, 'max_depth': 4, 'seed': 7, 'q': '4'}",0.7433333333333333
4,8,2,4,"{'min_samples_split': 4, 'max_depth': 8, 'seed': 2, 'q': '4'}",0.7783333333333333
4,8,3,4,"{'min_samples_split': 4, 'max_depth': 8, 'seed': 3, 'q': '4'}",0.7858333333333334
4,8,4,4,"{'min_samples_split': 4, 'max_depth': 8, 'seed': 4, 'q': '4'}",0.7525
4,8,5,4,"{'min_samples_split': 4, 'max_depth': 8, 'seed': 5, 'q': '4'}",0.755
4,8,6,4,"{'min_samples_split': 4, 'max_depth': 8, 'seed': 6, 'q': '4'}",0.7474999999999999
4,8,7,4,"{'min_samples_split': 4, 'max_depth': 8, 'seed': 7, 'q': '4'}",0.7408333333333335
4,16,2,4,"{'min_samples_split': 4, 'max_depth': 16, 'seed': 2, 'q': '4'}",0.7274999999999999
4,16,3,4,"{'min_samples_split': 4, 'max_depth': 16, 'seed': 3, 'q': '4'}",0.76
4,16,4,4,"{'min_samples_split': 4, 'max_depth': 16, 'seed': 4, 'q': '4'}",0.7308333333333333
4,16,5,4,"{'min_samples_split': 4, 'max_depth': 16, 'seed': 5, 'q': '4'}",0.7916666666666667
4,16,6,4,"{'min_samples_split': 4, 'max_depth': 16, 'seed': 6, 'q': '4'}",0.78
4,16,7,4,"{'min_samples_split': 4, 'max_depth': 16, 'seed': 7, 'q': '4'}",0.7366666666666667
4,32,2,4,"{'min_samples_split': 4, 'max_depth': 32, 'seed': 2, 'q': '4'}",0.7616666666666667
4,32,3,4,"{'min_samples_split': 4, 'max_depth': 32, 'seed': 3, 'q': '4'}",0.755
4,32,4,4,"{'min_samples_split': 4, 'max_depth': 32, 'seed': 4, 'q': '4'}",0.7516666666666666
4,32,5,4,"{'min_samples_split': 4, 'max_depth': 32, 'seed': 5, 'q': '4'}",0.7541666666666668
4,32,6,4,"{'min_samples_split': 4, 'max_depth': 32, 'seed': 6, 'q': '4'}",0.7566666666666666
4,32,7,4,"{'min_samples_split': 4, 'max_depth': 32, 'seed': 7, 'q': '4'}",0.7775
4,,2,4,"{'min_samples_split': 4, 'max_depth': None, 'seed': 2, 'q': '4'}",0.7758333333333334
4,,3,4,"{'min_samples_split': 4, 'max_depth': None, 'seed': 3, 'q': '4'}",0.7758333333333334
4,,4,4,"{'min_samples_split': 4, 'max_depth': None, 'seed': 4, 'q': '4'}",0.7391666666666667
4,,5,4,"{'min_samples_split': 4, 'max_depth': None, 'seed': 5, 'q': '4'}",0.7466666666666667
4,,6,4,"{'min_samples_split': 4, 'max_depth': None, 'seed': 6, 'q': '4'}",0.7558333333333332
4,,7,4,"{'min_samples_split': 4, 'max_depth': None, 'seed': 7, 'q': '4'}",0.7466666666666667
5,2,2,4,"{'min_samples_split': 5, 'max_depth': 2, 'seed': 2, 'q': '4'}",0.63
5,2,3,4,"{'min_samples_split': 5, 'max_depth': 2, 'seed': 3, 'q': '4'}",0.6575
5,2,4,4,"{'min_samples_split': 5, 'max_depth': 2, 'seed': 4, 'q': '4'}",0.6766666666666667
5,2,5,4,"{'min_samples_split': 5, 'max_depth': 2, 'seed': 5, 'q': '4'}",0.6358333333333334
5,2,6,4,"{'min_samples_split': 5, 'max_depth': 2, 'seed': 6, 'q': '4'}",0.6775
5,2,7,4,"{'min_samples_split': 5, 'max_depth': 2, 'seed': 7, 'q': '4'}",0.645
5,4,2,4,"{'min_samples_split': 5, 'max_depth': 4, 'seed': 2, 'q': '4'}",0.7683333333333333
5,4,3,4,"{'min_samples_split': 5, 'max_depth': 4, 'seed': 3, 'q': '4'}",0.7691666666666667
5,4,4,4,"{'min_samples_split': 5, 'max_depth': 4, 'seed': 4, 'q': '4'}",0.7733333333333334
5,4,5,4,"{'min_samples_split': 5, 'max_depth': 4, 'seed': 5, 'q': '4'}",0.7275
5,4,6,4,"{'min_samples_split': 5, 'max_depth': 4, 'seed': 6, 'q': '4'}",0.7449999999999999
5,4,7,4,"{'min_samples_split': 5, 'max_depth': 4, 'seed': 7, 'q': '4'}",0.7341666666666666
5,8,2,4,"{'min_samples_split': 5, 'max_depth': 8, 'seed': 2, 'q': '4'}",0.7483333333333334
5,8,3,4,"{'min_samples_split': 5, 'max_depth': 8, 'seed': 3, 'q': '4'}",0.7533333333333333
5,8,4,4,"{'min_samples_split': 5, 'max_depth': 8, 'seed': 4, 'q': '4'}",0.7808333333333333
5,8,5,4,"{'min_samples_split': 5, 'max_depth': 8, 'seed': 5, 'q': '4'}",0.7666666666666667
5,8,6,4,"{'min_samples_split': 5, 'max_depth': 8, 'seed': 6, 'q': '4'}",0.7533333333333334
5,8,7,4,"{'min_samples_split': 5, 'max_depth': 8, 'seed': 7, 'q': '4'}",0.7641666666666667
5,16,2,4,"{'min_samples_split': 5, 'max_depth': 16, 'seed': 2, 'q': '4'}",0.7383333333333333
5,16,3,4,"{'min_samples_split': 5, 'max_depth': 16, 'seed': 3, 'q': '4'}",0.7475
5,16,4,4,"{'min_samples_split': 5, 'max_depth': 16, 'seed': 4, 'q': '4'}",0.7666666666666667
5,16,5,4,"{'min_samples_split': 5, 'max_depth': 16, 'seed': 5, 'q': '4'}",0.7325
5,16,6,4,"{'min_samples_split': 5, 'max_depth': 16, 'seed': 6, 'q': '4'}",0.7616666666666667
5,16,7,4,"{'min_samples_split': 5, 'max_depth': 16, 'seed': 7, 'q': '4'}",0.7566666666666666
5,32,2,4,"{'min_samples_split': 5, 'max_depth': 32, 'seed': 2, 'q': '4'}",0.76
5,32,3,4,"{'min_samples_split': 5, 'max_depth': 32, 'seed': 3, 'q': '4'}",0.7650000000000001
5,32,4,4,"{'min_samples_split': 5, 'max_depth': 32, 'seed': 4, 'q': '4'}",0.7583333333333333
5,32,5,4,"{'min_samples_split': 5, 'max_depth': 32, 'seed': 5, 'q': '4'}",0.7758333333333333
5,32,6,4,"{'min_samples_split': 5, 'max_depth': 32, 'seed': 6, 'q': '4'}",0.7341666666666666
5,32,7,4,"{'min_samples_split': 5, 'max_depth': 32, 'seed': 7, 'q': '4'}",0.7591666666666665
5,,2,4,"{'min_samples_split': 5, 'max_depth': None, 'seed': 2, 'q': '4'}",0.7758333333333334
5,,3,4,"{'min_samples_split': 5, 'max_depth': None, 'seed': 3, 'q': '4'}",0.7283333333333334
5,,4,4,"{'min_samples_split': 5, 'max_depth': None, 'seed': 4, 'q': '4'}",0.7891666666666667
5,,5,4,"{'min_samples_split': 5, 'max_depth': None, 'seed': 5, 'q': '4'}",0.7741666666666667
5,,6,4,"{'min_samples_split': 5, 'max_depth': None, 'seed': 6, 'q': '4'}",0.7541666666666667
5,,7,4,"{'min_samples_split': 5, 'max_depth': None, 'seed': 7, 'q': '4'}",0.7525000000000001
10,2,2,4,"{'min_samples_split': 10, 'max_depth': 2, 'seed': 2, 'q': '4'}",0.6641666666666666
10,2,3,4,"{'min_samples_split': 10, 'max_depth': 2, 'seed': 3, 'q': '4'}",0.66
10,2,4,4,"{'min_samples_split': 10, 'max_depth': 2, 'seed': 4, 'q': '4'}",0.6733333333333333
10,2,5,4,"{'min_samples_split': 10, 'max_depth': 2, 'seed': 5, 'q': '4'}",0.6583333333333333
10,2,6,4,"{'min_samples_split': 10, 'max_depth': 2, 'seed': 6, 'q': '4'}",0.6483333333333334
10,2,7,4,"{'min_samples_split': 10, 'max_depth': 2, 'seed': 7, 'q': '4'}",0.6233333333333333
10,4,2,4,"{'min_samples_split': 10, 'max_depth': 4, 'seed': 2, 'q': '4'}",0.7541666666666668
10,4,3,4,"{'min_samples_split': 10, 'max_depth': 4, 'seed': 3, 'q': '4'}",0.7566666666666667
10,4,4,4,"{'min_samples_split': 10, 'max_depth': 4, 'seed': 4, 'q': '4'}",0.7849999999999999
10,4,5,4,"{'min_samples_split': 10, 'max_depth': 4, 'seed': 5, 'q': '4'}",0.7866666666666667
10,4,6,4,"{'min_samples_split': 10, 'max_depth': 4, 'seed': 6, 'q': '4'}",0.7766666666666666
10,4,7,4,"{'min_samples_split': 10, 'max_depth': 4, 'seed': 7, 'q': '4'}",0.7591666666666665
10,8,2,4,"{'min_samples_split': 10, 'max_depth': 8, 'seed': 2, 'q': '4'}",0.7466666666666666
10,8,3,4,"{'min_samples_split': 10, 'max_depth': 8, 'seed': 3, 'q': '4'}",0.7333333333333333
10,8,4,4,"{'min_samples_split': 10, 'max_depth': 8, 'seed': 4, 'q': '4'}",0.7424999999999999
10,8,5,4,"{'min_samples_split': 10, 'max_depth': 8, 'seed': 5, 'q': '4'}",0.7916666666666666
10,8,6,4,"{'min_samples_split': 10, 'max_depth': 8, 'seed': 6, 'q': '4'}",0.7641666666666667
10,8,7,4,"{'min_samples_split': 10, 'max_depth': 8, 'seed': 7, 'q': '4'}",0.7875000000000001
10,16,2,4,"{'min_samples_split': 10, 'max_depth': 16, 'seed': 2, 'q': '4'}",0.7858333333333333
10,16,3,4,"{'min_samples_split': 10, 'max_depth': 16, 'seed': 3, 'q': '4'}",0.7641666666666665
10,16,4,4,"{'min_samples_split': 10, 'max_depth': 16, 'seed': 4, 'q': '4'}",0.7808333333333334
10,16,5,4,"{'min_samples_split': 10, 'max_depth': 16, 'seed': 5, 'q': '4'}",0.7200000000000001
10,16,6,4,"{'min_samples_split': 10, 'max_depth': 16, 'seed': 6, 'q': '4'}",0.7475
10,16,7,4,"{'min_samples_split': 10, 'max_depth': 16, 'seed': 7, 'q': '4'}",0.7533333333333334
10,32,2,4,"{'min_samples_split': 10, 'max_depth': 32, 'seed': 2, 'q': '4'}",0.7666666666666666
10,32,3,4,"{'min_samples_split': 10, 'max_depth': 32, 'seed': 3, 'q': '4'}",0.7408333333333333
10,32,4,4,"{'min_samples_split': 10, 'max_depth': 32, 'seed': 4, 'q': '4'}",0.7633333333333333
10,32,5,4,"{'min_samples_split': 10, 'max_depth': 32, 'seed': 5, 'q': '4'}",0.7616666666666667
10,32,6,4,"{'min_samples_split': 10, 'max_depth': 32, 'seed': 6, 'q': '4'}",0.7858333333333333
10,32,7,4,"{'min_samples_split': 10, 'max_depth': 32, 'seed': 7, 'q': '4'}",0.77
10,,2,4,"{'min_samples_split': 10, 'max_depth': None, 'seed': 2, 'q': '4'}",0.7208333333333332
10,,3,4,"{'min_samples_split': 10, 'max_depth': None, 'seed': 3, 'q': '4'}",0.7441666666666666
10,,4,4,"{'min_samples_split': 10, 'max_depth': None, 'seed': 4, 'q': '4'}",0.7525
10,,5,4,"{'min_samples_split': 10, 'max_depth': None, 'seed': 5, 'q': '4'}",0.7416666666666667
10,,6,4,"{'min_samples_split': 10, 'max_depth': None, 'seed': 6, 'q': '4'}",0.7358333333333333
10,,7,4,"{'min_samples_split': 10, 'max_depth': None, 'seed': 7, 'q': '4'}",0.76
15,2,2,4,"{'min_samples_split': 15, 'max_depth': 2, 'seed': 2, 'q': '4'}",0.6416666666666666
15,2,3,4,"{'min_samples_split': 15, 'max_depth': 2, 'seed': 3, 'q': '4'}",0.6691666666666667
15,2,4,4,"{'min_samples_split': 15, 'max_depth': 2, 'seed': 4, 'q': '4'}",0.6766666666666666
15,2,5,4,"{'min_samples_split': 15, 'max_depth': 2, 'seed': 5, 'q': '4'}",0.6383333333333333
15,2,6,4,"{'min_samples_split': 15, 'max_depth': 2, 'seed': 6, 'q': '4'}",0.6658333333333334
15,2,7,4,"{'min_samples_split': 15, 'max_depth': 2, 'seed': 7, 'q': '4'}",0.655
15,4,2,4,"{'min_samples_split': 15, 'max_depth': 4, 'seed': 2, 'q': '4'}",0.7416666666666667
15,4,3,4,"{'min_samples_split': 15, 'max_depth': 4, 'seed': 3, 'q': '4'}",0.7333333333333334
15,4,4,4,"{'min_samples_split': 15, 'max_depth': 4, 'seed': 4, 'q': '4'}",0.7833333333333334
15,4,5,4,"{'min_samples_split': 15, 'max_depth': 4, 'seed': 5, 'q': '4'}",0.7458333333333332
15,4,6,4,"{'min_samples_split': 15, 'max_depth': 4, 'seed': 6, 'q': '4'}",0.7408333333333333
15,4,7,4,"{'min_samples_split': 15, 'max_depth': 4, 'seed': 7, 'q': '4'}",0.7749999999999999
15,8,2,4,"{'min_samples_split': 15, 'max_depth': 8, 'seed': 2, 'q': '4'}",0.7025
15,8,3,4,"{'min_samples_split': 15, 'max_depth': 8, 'seed': 3, 'q': '4'}",0.7249999999999999
15,8,4,4,"{'min_samples_split': 15, 'max_depth': 8, 'seed': 4, 'q': '4'}",0.7174999999999999
15,8,5,4,"{'min_samples_split': 15, 'max_depth': 8, 'seed': 5, 'q': '4'}",0.7783333333333332
15,8,6,4,"{'min_samples_split': 15, 'max_depth': 8, 'seed': 6, 'q': '4'}",0.7366666666666667
15,8,7,4,"{'min_samples_split': 15, 'max_depth': 8, 'seed': 7, 'q': '4'}",0.7224999999999999
15,16,2,4,"{'min_samples_split': 15, 'max_depth': 16, 'seed': 2, 'q': '4'}",0.7733333333333333
15,16,3,4,"{'min_samples_split': 15, 'max_depth': 16, 'seed': 3, 'q': '4'}",0.7508333333333334
15,16,4,4,"{'min_samples_split': 15, 'max_depth': 16, 'seed': 4, 'q': '4'}",0.7541666666666667
15,16,5,4,"{'min_samples_split': 15, 'max_depth': 16, 'seed': 5, 'q': '4'}",0.7341666666666667
15,16,6,4,"{'min_samples_split': 15, 'max_depth': 16, 'seed': 6, 'q': '4'}",0.7424999999999999
15,16,7,4,"{'min_samples_split': 15, 'max_depth': 16, 'seed': 7, 'q': '4'}",0.7491666666666666
15,32,2,4,"{'min_samples_split': 15, 'max_depth': 32, 'seed': 2, 'q': '4'}",0.7333333333333333
15,32,3,4,"{'min_samples_split': 15, 'max_depth': 32, 'seed': 3, 'q': '4'}",0.7433333333333334
15,32,4,4,"{'min_samples_split': 15, 'max_depth': 32, 'seed': 4, 'q': '4'}",0.7250000000000001
15,32,5,4,"{'min_samples_split': 15, 'max_depth': 32, 'seed': 5, 'q': '4'}",0.7083333333333333
15,32,6,4,"{'min_samples_split': 15, 'max_depth': 32, 'seed': 6, 'q': '4'}",0.7366666666666666
15,32,7,4,"{'min_samples_split': 15, 'max_depth': 32, 'seed': 7, 'q': '4'}",0.7575000000000001
15,,2,4,"{'min_samples_split': 15, 'max_depth': None, 'seed': 2, 'q': '4'}",0.7366666666666666
15,,3,4,"{'min_samples_split': 15, 'max_depth': None, 'seed': 3, 'q': '4'}",0.7516666666666667
15,,4,4,"{'min_samples_split': 15, 'max_depth': None, 'seed': 4, 'q': '4'}",0.7125
15,,5,4,"{'min_samples_split': 15, 'max_depth': None, 'seed': 5, 'q': '4'}",0.7458333333333333
15,,6,4,"{'min_samples_split': 15, 'max_depth': None, 'seed': 6, 'q': '4'}",0.745
15,,7,4,"{'min_samples_split': 15, 'max_depth': None, 'seed': 7, 'q': '4'}",0.7675000000000001
20,2,2,4,"{'min_samples_split': 20, 'max_depth': 2, 'seed': 2, 'q': '4'}",0.6466666666666667
20,2,3,4,"{'min_samples_split': 20, 'max_depth': 2, 'seed': 3, 'q': '4'}",0.6641666666666666
20,2,4,4,"{'min_samples_split': 20, 'max_depth': 2, 'seed': 4, 'q': '4'}",0.6875
20,2,5,4,"{'min_samples_split': 20, 'max_depth': 2, 'seed': 5, 'q': '4'}",0.6783333333333333
20,2,6,4,"{'min_samples_split': 20, 'max_depth': 2, 'seed': 6, 'q': '4'}",0.6633333333333333
20,2,7,4,"{'min_samples_split': 20, 'max_depth': 2, 'seed': 7, 'q': '4'}",0.6124999999999999
20,4,2,4,"{'min_samples_split': 20, 'max_depth': 4, 'seed': 2, 'q': '4'}",0.6608333333333333
20,4,3,4,"{'min_samples_split': 20, 'max_depth': 4, 'seed': 3, 'q': '4'}",0.7516666666666667
20,4,4,4,"{'min_samples_split': 20, 'max_depth': 4, 'seed': 4, 'q': '4'}",0.7041666666666666
20,4,5,4,"{'min_samples_split': 20, 'max_depth': 4, 'seed': 5, 'q': '4'}",0.7108333333333333
20,4,6,4,"{'min_samples_split': 20, 'max_depth': 4, 'seed': 6, 'q': '4'}",0.6866666666666668
20,4,7,4,"{'min_samples_split': 20, 'max_depth': 4, 'seed': 7, 'q': '4'}",0.7091666666666666
20,8,2,4,"{'min_samples_split': 20, 'max_depth': 8, 'seed': 2, 'q': '4'}",0.715
20,8,3,4,"{'min_samples_split': 20, 'max_depth': 8, 'seed': 3, 'q': '4'}",0.6791666666666667
20,8,4,4,"{'min_samples_split': 20, 'max_depth': 8, 'seed': 4, 'q': '4'}",0.6983333333333334
20,8,5,4,"{'min_samples_split': 20, 'max_depth': 8, 'seed': 5, 'q': '4'}",0.6833333333333333
20,8,6,4,"{'min_samples_split': 20, 'max_depth': 8, 'seed': 6, 'q': '4'}",0.6766666666666666
20,8,7,4,"{'min_samples_split': 20, 'max_depth': 8, 'seed': 7, 'q': '4'}",0.6708333333333334
20,16,2,4,"{'min_samples_split': 20, 'max_depth': 16, 'seed': 2, 'q': '4'}",0.7066666666666666
20,16,3,4,"{'min_samples_split': 20, 'max_depth': 16, 'seed': 3, 'q': '4'}",0.6824999999999999
20,16,4,4,"{'min_samples_split': 20, 'max_depth': 16, 'seed': 4, 'q': '4'}",0.6758333333333333
20,16,5,4,"{'min_samples_split': 20, 'max_depth': 16, 'seed': 5, 'q': '4'}",0.6616666666666667
20,16,6,4,"{'min_samples_split': 20, 'max_depth': 16, 'seed': 6, 'q': '4'}",0.71
20,16,7,4,"{'min_samples_split': 20, 'max_depth': 16, 'seed': 7, 'q': '4'}",0.6950000000000001
20,32,2,4,"{'min_samples_split': 20, 'max_depth': 32, 'seed': 2, 'q': '4'}",0.7158333333333333
20,32,3,4,"{'min_samples_split': 20, 'max_depth': 32, 'seed': 3, 'q': '4'}",0.7208333333333333
20,32,4,4,"{'min_samples_split': 20, 'max_depth': 32, 'seed': 4, 'q': '4'}",0.6924999999999999
20,32,5,4,"{'min_samples_split': 20, 'max_depth': 32, 'seed': 5, 'q': '4'}",0.6916666666666667
20,32,6,4,"{'min_samples_split': 20, 'max_depth': 32, 'seed': 6, 'q': '4'}",0.7066666666666667
20,32,7,4,"{'min_samples_split': 20, 'max_depth': 32, 'seed': 7, 'q': '4'}",0.6891666666666667
20,,2,4,"{'min_samples_split': 20, 'max_depth': None, 'seed': 2, 'q': '4'}",0.7258333333333333
20,,3,4,"{'min_samples_split': 20, 'max_depth': None, 'seed': 3, 'q': '4'}",0.7058333333333333
20,,4,4,"{'min_samples_split': 20, 'max_depth': None, 'seed': 4, 'q': '4'}",0.6958333333333333
20,,5,4,"{'min_samples_split': 20, 'max_depth': None, 'seed': 5, 'q': '4'}",0.7091666666666667
20,,6,4,"{'min_samples_split': 20, 'max_depth': None, 'seed': 6, 'q': '4'}",0.7191666666666666
20,,7,4,"{'min_samples_split': 20, 'max_depth': None, 'seed': 7, 'q': '4'}",0.6658333333333333
25,2,2,4,"{'min_samples_split': 25, 'max_depth': 2, 'seed': 2, 'q': '4'}",0.6266666666666667
25,2,3,4,"{'min_samples_split': 25, 'max_depth': 2, 'seed': 3, 'q': '4'}",0.655
25,2,4,4,"{'min_samples_split': 25, 'max_depth': 2, 'seed': 4, 'q': '4'}",0.6625
25,2,5,4,"{'min_samples_split': 25, 'max_depth': 2, 'seed': 5, 'q': '4'}",0.6708333333333333
25,2,6,4,"{'min_samples_split': 25, 'max_depth': 2, 'seed': 6, 'q': '4'}",0.6316666666666666
25,2,7,4,"{'min_samples_split': 25, 'max_depth': 2, 'seed': 7, 'q': '4'}",0.6766666666666666
25,4,2,4,"{'min_samples_split': 25, 'max_depth': 4, 'seed': 2, 'q': '4'}",0.6591666666666667
25,4,3,4,"{'min_samples_split': 25, 'max_depth': 4, 'seed': 3, 'q': '4'}",0.6691666666666667
25,4,4,4,"{'min_samples_split': 25, 'max_depth': 4, 'seed': 4, 'q': '4'}",0.6733333333333333
25,4,5,4,"{'min_samples_split': 25, 'max_depth': 4, 'seed': 5, 'q': '4'}",0.6691666666666667
25,4,6,4,"{'min_samples_split': 25, 'max_depth': 4, 'seed': 6, 'q': '4'}",0.6808333333333334
25,4,7,4,"{'min_samples_split': 25, 'max_depth': 4, 'seed': 7, 'q': '4'}",0.6616666666666666
25,8,2,4,"{'min_samples_split': 25, 'max_depth': 8, 'seed': 2, 'q': '4'}",0.6716666666666666
25,8,3,4,"{'min_samples_split': 25, 'max_depth': 8, 'seed': 3, 'q': '4'}",0.6658333333333333
25,8,4,4,"{'min_samples_split': 25, 'max_depth': 8, 'seed': 4, 'q': '4'}",0.6425
25,8,5,4,"{'min_samples_split': 25, 'max_depth': 8, 'seed': 5, 'q': '4'}",0.655
25,8,6,4,"{'min_samples_split': 25, 'max_depth': 8, 'seed': 6, 'q': '4'}",0.6691666666666667
25,8,7,4,"{'min_samples_split': 25, 'max_depth': 8, 'seed': 7, 'q': '4'}",0.6841666666666667
25,16,2,4,"{'min_samples_split': 25, 'max_depth': 16, 'seed': 2, 'q': '4'}",0.6808333333333333
25,16,3,4,"{'min_samples_split': 25, 'max_depth': 16, 'seed': 3, 'q': '4'}",0.6916666666666668
25,16,4,4,"{'min_samples_split': 25, 'max_depth': 16, 'seed': 4, 'q': '4'}",0.6541666666666668
25,16,5,4,"{'min_samples_split': 25, 'max_depth': 16, 'seed': 5, 'q': '4'}",0.6391666666666667
25,16,6,4,"{'min_samples_split': 25, 'max_depth': 16, 'seed': 6, 'q': '4'}",0.6525
25,16,7,4,"{'min_samples_split': 25, 'max_depth': 16, 'seed': 7, 'q': '4'}",0.66
25,32,2,4,"{'min_samples_split': 25, 'max_depth': 32, 'seed': 2, 'q': '4'}",0.6458333333333334
25,32,3,4,"{'min_samples_split': 25, 'max_depth': 32, 'seed': 3, 'q': '4'}",0.6658333333333333
25,32,4,4,"{'min_samples_split': 25, 'max_depth': 32, 'seed': 4, 'q': '4'}",0.6483333333333333
25,32,5,4,"{'min_samples_split': 25, 'max_depth': 32, 'seed': 5, 'q': '4'}",0.6916666666666667
25,32,6,4,"{'min_samples_split': 25, 'max_depth': 32, 'seed': 6, 'q': '4'}",0.6675
25,32,7,4,"{'min_samples_split': 25, 'max_depth': 32, 'seed': 7, 'q': '4'}",0.6391666666666667
25,,2,4,"{'min_samples_split': 25, 'max_depth': None, 'seed': 2, 'q': '4'}",0.6533333333333333
25,,3,4,"{'min_samples_split': 25, 'max_depth': None, 'seed': 3, 'q': '4'}",0.655
25,,4,4,"{'min_samples_split': 25, 'max_depth': None, 'seed': 4, 'q': '4'}",0.6833333333333333
25,,5,4,"{'min_samples_split': 25, 'max_depth': None, 'seed': 5, 'q': '4'}",0.6616666666666666
25,,6,4,"{'min_samples_split': 25, 'max_depth': None, 'seed': 6, 'q': '4'}",0.6891666666666667
25,,7,4,"{'min_samples_split': 25, 'max_depth': None, 'seed': 7, 'q': '4'}",0.645
3,2,2,5,"{'min_samples_split': 3, 'max_depth': 2, 'seed': 2, 'q': '5'}",0.6591666666666667
3,2,3,5,"{'min_samples_split': 3, 'max_depth': 2, 'seed': 3, 'q': '5'}",0.6766666666666667
3,2,4,5,"{'min_samples_split': 3, 'max_depth': 2, 'seed': 4, 'q': '5'}",0.6608333333333334
3,2,5,5,"{'min_samples_split': 3, 'max_depth': 2, 'seed': 5, 'q': '5'}",0.6633333333333333
3,2,6,5,"{'min_samples_split': 3, 'max_depth': 2, 'seed': 6, 'q': '5'}",0.685
3,2,7,5,"{'min_samples_split': 3, 'max_depth': 2, 'seed': 7, 'q': '5'}",0.6724999999999999
3,4,2,5,"{'min_samples_split': 3, 'max_depth': 4, 'seed': 2, 'q': '5'}",0.7416666666666667
3,4,3,5,"{'min_samples_split': 3, 'max_depth': 4, 'seed': 3, 'q': '5'}",0.7641666666666667
3,4,4,5,"{'min_samples_split': 3, 'max_depth': 4, 'seed': 4, 'q': '5'}",0.77
3,4,5,5,"{'min_samples_split': 3, 'max_depth': 4, 'seed': 5, 'q': '5'}",0.7841666666666667
3,4,6,5,"{'min_samples_split': 3, 'max_depth': 4, 'seed': 6, 'q': '5'}",0.7633333333333334
3,4,7,5,"{'min_samples_split': 3, 'max_depth': 4, 'seed': 7, 'q': '5'}",0.7508333333333334
3,8,2,5,"{'min_samples_split': 3, 'max_depth': 8, 'seed': 2, 'q': '5'}",0.7375
3,8,3,5,"{'min_samples_split': 3, 'max_depth': 8, 'seed': 3, 'q': '5'}",0.7250000000000001
3,8,4,5,"{'min_samples_split': 3, 'max_depth': 8, 'seed': 4, 'q': '5'}",0.7191666666666666
3,8,5,5,"{'min_samples_split': 3, 'max_depth': 8, 'seed': 5, 'q': '5'}",0.7466666666666666
3,8,6,5,"{'min_samples_split': 3, 'max_depth': 8, 'seed': 6, 'q': '5'}",0.7625
3,8,7,5,"{'min_samples_split': 3, 'max_depth': 8, 'seed': 7, 'q': '5'}",0.7708333333333333
3,16,2,5,"{'min_samples_split': 3, 'max_depth': 16, 'seed': 2, 'q': '5'}",0.7316666666666667
3,16,3,5,"{'min_samples_split': 3, 'max_depth': 16, 'seed': 3, 'q': '5'}",0.7516666666666667
3,16,4,5,"{'min_samples_split': 3, 'max_depth': 16, 'seed': 4, 'q': '5'}",0.7566666666666667
3,16,5,5,"{'min_samples_split': 3, 'max_depth': 16, 'seed': 5, 'q': '5'}",0.7508333333333332
3,16,6,5,"{'min_samples_split': 3, 'max_depth': 16, 'seed': 6, 'q': '5'}",0.7316666666666667
3,16,7,5,"{'min_samples_split': 3, 'max_depth': 16, 'seed': 7, 'q': '5'}",0.7383333333333333
3,32,2,5,"{'min_samples_split': 3, 'max_depth': 32, 'seed': 2, 'q': '5'}",0.7541666666666667
3,32,3,5,"{'min_samples_split': 3, 'max_depth': 32, 'seed': 3, 'q': '5'}",0.73
3,32,4,5,"{'min_samples_split': 3, 'max_depth': 32, 'seed': 4, 'q': '5'}",0.74
3,32,5,5,"{'min_samples_split': 3, 'max_depth': 32, 'seed': 5, 'q': '5'}",0.7658333333333334
3,32,6,5,"{'min_samples_split': 3, 'max_depth': 32, 'seed': 6, 'q': '5'}",0.775
3,32,7,5,"{'min_samples_split': 3, 'max_depth': 32, 'seed': 7, 'q': '5'}",0.7525
3,,2,5,"{'min_samples_split': 3, 'max_depth': None, 'seed': 2, 'q': '5'}",0.7508333333333334
3,,3,5,"{'min_samples_split': 3, 'max_depth': None, 'seed': 3, 'q': '5'}",0.7525000000000001
3,,4,5,"{'min_samples_split': 3, 'max_depth': None, 'seed': 4, 'q': '5'}",0.7708333333333333
3,,5,5,"{'min_samples_split': 3, 'max_depth': None, 'seed': 5, 'q': '5'}",0.7233333333333333
3,,6,5,"{'min_samples_split': 3, 'max_depth': None, 'seed': 6, 'q': '5'}",0.7483333333333333
3,,7,5,"{'min_samples_split': 3, 'max_depth': None, 'seed': 7, 'q': '5'}",0.7091666666666666
4,2,2,5,"{'min_samples_split': 4, 'max_depth': 2, 'seed': 2, 'q': '5'}",0.6433333333333333
4,2,3,5,"{'min_samples_split': 4, 'max_depth': 2, 'seed': 3, 'q': '5'}",0.6883333333333334
4,2,4,5,"{'min_samples_split': 4, 'max_depth': 2, 'seed': 4, 'q': '5'}",0.6933333333333334
4,2,5,5,"{'min_samples_split': 4, 'max_depth': 2, 'seed': 5, 'q': '5'}",0.6808333333333333
4,2,6,5,"{'min_samples_split': 4, 'max_depth': 2, 'seed': 6, 'q': '5'}",0.6866666666666666
4,2,7,5,"{'min_samples_split': 4, 'max_depth': 2, 'seed': 7, 'q': '5'}",0.68
4,4,2,5,"{'min_samples_split': 4, 'max_depth': 4, 'seed': 2, 'q': '5'}",0.7716666666666667
4,4,3,5,"{'min_samples_split': 4, 'max_depth': 4, 'seed': 3, 'q': '5'}",0.7333333333333334
4,4,4,5,"{'min_samples_split': 4, 'max_depth': 4, 'seed': 4, 'q': '5'}",0.7575
4,4,5,5,"{'min_samples_split': 4, 'max_depth': 4, 'seed': 5, 'q': '5'}",0.7358333333333332
4,4,6,5,"{'min_samples_split': 4, 'max_depth': 4, 'seed': 6, 'q': '5'}",0.7441666666666666
4,4,7,5,"{'min_samples_split': 4, 'max_depth': 4, 'seed': 7, 'q': '5'}",0.7291666666666667
4,8,2,5,"{'min_samples_split': 4, 'max_depth': 8, 'seed': 2, 'q': '5'}",0.7566666666666666
4,8,3,5,"{'min_samples_split': 4, 'max_depth': 8, 'seed': 3, 'q': '5'}",0.7691666666666667
4,8,4,5,"{'min_samples_split': 4, 'max_depth': 8, 'seed': 4, 'q': '5'}",0.7583333333333333
4,8,5,5,"{'min_samples_split': 4, 'max_depth': 8, 'seed': 5, 'q': '5'}",0.7441666666666666
4,8,6,5,"{'min_samples_split': 4, 'max_depth': 8, 'seed': 6, 'q': '5'}",0.7141666666666666
4,8,7,5,"{'min_samples_split': 4, 'max_depth': 8, 'seed': 7, 'q': '5'}",0.7541666666666667
4,16,2,5,"{'min_samples_split': 4, 'max_depth': 16, 'seed': 2, 'q': '5'}",0.7641666666666667
4,16,3,5,"{'min_samples_split': 4, 'max_depth': 16, 'seed': 3, 'q': '5'}",0.7383333333333333
4,16,4,5,"{'min_samples_split': 4, 'max_depth': 16, 'seed': 4, 'q': '5'}",0.7475
4,16,5,5,"{'min_samples_split': 4, 'max_depth': 16, 'seed': 5, 'q': '5'}",0.7466666666666666
4,16,6,5,"{'min_samples_split': 4, 'max_depth': 16, 'seed': 6, 'q': '5'}",0.7766666666666666
4,16,7,5,"{'min_samples_split': 4, 'max_depth': 16, 'seed': 7, 'q': '5'}",0.7608333333333334
4,32,2,5,"{'min_samples_split': 4, 'max_depth': 32, 'seed': 2, 'q': '5'}",0.7575000000000001
4,32,3,5,"{'min_samples_split': 4, 'max_depth': 32, 'seed': 3, 'q': '5'}",0.7408333333333333
4,32,4,5,"{'min_samples_split': 4, 'max_depth': 32, 'seed': 4, 'q': '5'}",0.74
4,32,5,5,"{'min_samples_split': 4, 'max_depth': 32, 'seed': 5, 'q': '5'}",0.7325
4,32,6,5,"{'min_samples_split': 4, 'max_depth': 32, 'seed': 6, 'q': '5'}",0.7525
4,32,7,5,"{'min_samples_split': 4, 'max_depth': 32, 'seed': 7, 'q': '5'}",0.7416666666666667
4,,2,5,"{'min_samples_split': 4, 'max_depth': None, 'seed': 2, 'q': '5'}",0.7516666666666666
4,,3,5,"{'min_samples_split': 4, 'max_depth': None, 'seed': 3, 'q': '5'}",0.7366666666666667
4,,4,5,"{'min_samples_split': 4, 'max_depth': None, 'seed': 4, 'q': '5'}",0.7475
4,,5,5,"{'min_samples_split': 4, 'max_depth': None, 'seed': 5, 'q': '5'}",0.7575000000000001
4,,6,5,"{'min_samples_split': 4, 'max_depth': None, 'seed': 6, 'q': '5'}",0.74
4,,7,5,"{'min_samples_split': 4, 'max_depth': None, 'seed': 7, 'q': '5'}",0.7383333333333334
5,2,2,5,"{'min_samples_split': 5, 'max_depth': 2, 'seed': 2, 'q': '5'}",0.6358333333333334
5,2,3,5,"{'min_samples_split': 5, 'max_depth': 2, 'seed': 3, 'q': '5'}",0.65
5,2,4,5,"{'min_samples_split': 5, 'max_depth': 2, 'seed': 4, 'q': '5'}",0.6933333333333334
5,2,5,5,"{'min_samples_split': 5, 'max_depth': 2, 'seed': 5, 'q': '5'}",0.6316666666666667
5,2,6,5,"{'min_samples_split': 5, 'max_depth': 2, 'seed': 6, 'q': '5'}",0.6558333333333334
5,2,7,5,"{'min_samples_split': 5, 'max_depth': 2, 'seed': 7, 'q': '5'}",0.6708333333333334
5,4,2,5,"{'min_samples_split': 5, 'max_depth': 4, 'seed': 2, 'q': '5'}",0.7525
5,4,3,5,"{'min_samples_split': 5, 'max_depth': 4, 'seed': 3, 'q': '5'}",0.7491666666666666
5,4,4,5,"{'min_samples_split': 5, 'max_depth': 4, 'seed': 4, 'q': '5'}",0.7291666666666666
5,4,5,5,"{'min_samples_split': 5, 'max_depth': 4, 'seed': 5, 'q': '5'}",0.7416666666666667
5,4,6,5,"{'min_samples_split': 5, 'max_depth': 4, 'seed': 6, 'q': '5'}",0.7266666666666667
5,4,7,5,"{'min_samples_split': 5, 'max_depth': 4, 'seed': 7, 'q': '5'}",0.7350000000000001
5,8,2,5,"{'min_samples_split': 5, 'max_depth': 8, 'seed': 2, 'q': '5'}",0.7166666666666667
5,8,3,5,"{'min_samples_split': 5, 'max_depth': 8, 'seed': 3, 'q': '5'}",0.8058333333333334
5,8,4,5,"{'min_samples_split': 5, 'max_depth': 8, 'seed': 4, 'q': '5'}",0.7691666666666667
5,8,5,5,"{'min_samples_split': 5, 'max_depth': 8, 'seed': 5, 'q': '5'}",0.7508333333333332
5,8,6,5,"{'min_samples_split': 5, 'max_depth': 8, 'seed': 6, 'q': '5'}",0.7458333333333332
5,8,7,5,"{'min_samples_split': 5, 'max_depth': 8, 'seed': 7, 'q': '5'}",0.7416666666666667
5,16,2,5,"{'min_samples_split': 5, 'max_depth': 16, 'seed': 2, 'q': '5'}",0.7308333333333332
5,16,3,5,"{'min_samples_split': 5, 'max_depth': 16, 'seed': 3, 'q': '5'}",0.7483333333333333
5,16,4,5,"{'min_samples_split': 5, 'max_depth': 16, 'seed': 4, 'q': '5'}",0.7341666666666666
5,16,5,5,"{'min_samples_split': 5, 'max_depth': 16, 'seed': 5, 'q': '5'}",0.7083333333333333
5,16,6,5,"{'min_samples_split': 5, 'max_depth': 16, 'seed': 6, 'q': '5'}",0.7791666666666667
5,16,7,5,"{'min_samples_split': 5, 'max_depth': 16, 'seed': 7, 'q': '5'}",0.7541666666666667
5,32,2,5,"{'min_samples_split': 5, 'max_depth': 32, 'seed': 2, 'q': '5'}",0.7716666666666666
5,32,3,5,"{'min_samples_split': 5, 'max_depth': 32, 'seed': 3, 'q': '5'}",0.7716666666666667
5,32,4,5,"{'min_samples_split': 5, 'max_depth': 32, 'seed': 4, 'q': '5'}",0.74
5,32,5,5,"{'min_samples_split': 5, 'max_depth': 32, 'seed': 5, 'q': '5'}",0.7191666666666667
5,32,6,5,"{'min_samples_split': 5, 'max_depth': 32, 'seed': 6, 'q': '5'}",0.7658333333333334
5,32,7,5,"{'min_samples_split': 5, 'max_depth': 32, 'seed': 7, 'q': '5'}",0.7625
5,,2,5,"{'min_samples_split': 5, 'max_depth': None, 'seed': 2, 'q': '5'}",0.7891666666666667
5,,3,5,"{'min_samples_split': 5, 'max_depth': None, 'seed': 3, 'q': '5'}",0.7441666666666668
5,,4,5,"{'min_samples_split': 5, 'max_depth': None, 'seed': 4, 'q': '5'}",0.7741666666666667
5,,5,5,"{'min_samples_split': 5, 'max_depth': None, 'seed': 5, 'q': '5'}",0.7516666666666667
5,,6,5,"{'min_samples_split': 5, 'max_depth': None, 'seed': 6, 'q': '5'}",0.755
5,,7,5,"{'min_samples_split': 5, 'max_depth': None, 'seed': 7, 'q': '5'}",0.7475
10,2,2,5,"{'min_samples_split': 10, 'max_depth': 2, 'seed': 2, 'q': '5'}",0.6983333333333334
10,2,3,5,"{'min_samples_split': 10, 'max_depth': 2, 'seed': 3, 'q': '5'}",0.665
10,2,4,5,"{'min_samples_split': 10, 'max_depth': 2, 'seed': 4, 'q': '5'}",0.6858333333333334
10,2,5,5,"{'min_samples_split': 10, 'max_depth': 2, 'seed': 5, 'q': '5'}",0.6483333333333333
10,2,6,5,"{'min_samples_split': 10, 'max_depth': 2, 'seed': 6, 'q': '5'}",0.6416666666666666
10,2,7,5,"{'min_samples_split': 10, 'max_depth': 2, 'seed': 7, 'q': '5'}",0.6441666666666668
10,4,2,5,"{'min_samples_split': 10, 'max_depth': 4, 'seed': 2, 'q': '5'}",0.7466666666666667
10,4,3,5,"{'min_samples_split': 10, 'max_depth': 4, 'seed': 3, 'q': '5'}",0.7508333333333335
10,4,4,5,"{'min_samples_split': 10, 'max_depth': 4, 'seed': 4, 'q': '5'}",0.75
10,4,5,5,"{'min_samples_split': 10, 'max_depth': 4, 'seed': 5, 'q': '5'}",0.7616666666666667
10,4,6,5,"{'min_samples_split': 10, 'max_depth': 4, 'seed': 6, 'q': '5'}",0.7258333333333333
10,4,7,5,"{'min_samples_split': 10, 'max_depth': 4, 'seed': 7, 'q': '5'}",0.7341666666666667
10,8,2,5,"{'min_samples_split': 10, 'max_depth': 8, 'seed': 2, 'q': '5'}",0.72
10,8,3,5,"{'min_samples_split': 10, 'max_depth': 8, 'seed': 3, 'q': '5'}",0.7266666666666667
10,8,4,5,"{'min_samples_split': 10, 'max_depth': 8, 'seed': 4, 'q': '5'}",0.7491666666666666
10,8,5,5,"{'min_samples_split': 10, 'max_depth': 8, 'seed': 5, 'q': '5'}",0.7091666666666666
10,8,6,5,"{'min_samples_split': 10, 'max_depth': 8, 'seed': 6, 'q': '5'}",0.7258333333333332
10,8,7,5,"{'min_samples_split': 10, 'max_depth': 8, 'seed': 7, 'q': '5'}",0.7266666666666667
10,16,2,5,"{'min_samples_split': 10, 'max_depth': 16, 'seed': 2, 'q': '5'}",0.7516666666666667
10,16,3,5,"{'min_samples_split': 10, 'max_depth': 16, 'seed': 3, 'q': '5'}",0.7191666666666666
10,16,4,5,"{'min_samples_split': 10, 'max_depth': 16, 'seed': 4, 'q': '5'}",0.7358333333333333
10,16,5,5,"{'min_samples_split': 10, 'max_depth': 16, 'seed': 5, 'q': '5'}",0.7508333333333332
10,16,6,5,"{'min_samples_split': 10, 'max_depth': 16, 'seed': 6, 'q': '5'}",0.7508333333333334
10,16,7,5,"{'min_samples_split': 10, 'max_depth': 16, 'seed': 7, 'q': '5'}",0.7216666666666667
10,32,2,5,"{'min_samples_split': 10, 'max_depth': 32, 'seed': 2, 'q': '5'}",0.725
10,32,3,5,"{'min_samples_split': 10, 'max_depth': 32, 'seed': 3, 'q': '5'}",0.7108333333333333
10,32,4,5,"{'min_samples_split': 10, 'max_depth': 32, 'seed': 4, 'q': '5'}",0.7366666666666667
10,32,5,5,"{'min_samples_split': 10, 'max_depth': 32, 'seed': 5, 'q': '5'}",0.7608333333333333
10,32,6,5,"{'min_samples_split': 10, 'max_depth': 32, 'seed': 6, 'q': '5'}",0.7466666666666667
10,32,7,5,"{'min_samples_split': 10, 'max_depth': 32, 'seed': 7, 'q': '5'}",0.7466666666666666
10,,2,5,"{'min_samples_split': 10, 'max_depth': None, 'seed': 2, 'q': '5'}",0.7383333333333333
10,,3,5,"{'min_samples_split': 10, 'max_depth': None, 'seed': 3, 'q': '5'}",0.7333333333333333
10,,4,5,"{'min_samples_split': 10, 'max_depth': None, 'seed': 4, 'q': '5'}",0.7308333333333334
10,,5,5,"{'min_samples_split': 10, 'max_depth': None, 'seed': 5, 'q': '5'}",0.7358333333333333
10,,6,5,"{'min_samples_split': 10, 'max_depth': None, 'seed': 6, 'q': '5'}",0.7483333333333333
10,,7,5,"{'min_samples_split': 10, 'max_depth': None, 'seed': 7, 'q': '5'}",0.7491666666666668
15,2,2,5,"{'min_samples_split': 15, 'max_depth': 2, 'seed': 2, 'q': '5'}",0.6533333333333333
15,2,3,5,"{'min_samples_split': 15, 'max_depth': 2, 'seed': 3, 'q': '5'}",0.6591666666666667
15,2,4,5,"{'min_samples_split': 15, 'max_depth': 2, 'seed': 4, 'q': '5'}",0.675
15,2,5,5,"{'min_samples_split': 15, 'max_depth': 2, 'seed': 5, 'q': '5'}",0.6958333333333333
15,2,6,5,"{'min_samples_split': 15, 'max_depth': 2, 'seed': 6, 'q': '5'}",0.68
15,2,7,5,"{'min_samples_split': 15, 'max_depth': 2, 'seed': 7, 'q': '5'}",0.6991666666666667
15,4,2,5,"{'min_samples_split': 15, 'max_depth': 4, 'seed': 2, 'q': '5'}",0.6991666666666667
15,4,3,5,"{'min_samples_split': 15, 'max_depth': 4, 'seed': 3, 'q': '5'}",0.6983333333333333
15,4,4,5,"{'min_samples_split': 15, 'max_depth': 4, 'seed': 4, 'q': '5'}",0.6975
15,4,5,5,"{'min_samples_split': 15, 'max_depth': 4, 'seed': 5, 'q': '5'}",0.7066666666666668
15,4,6,5,"{'min_samples_split': 15, 'max_depth': 4, 'seed': 6, 'q': '5'}",0.7008333333333334
15,4,7,5,"{'min_samples_split': 15, 'max_depth': 4, 'seed': 7, 'q': '5'}",0.7041666666666667
15,8,2,5,"{'min_samples_split': 15, 'max_depth': 8, 'seed': 2, 'q': '5'}",0.6875
15,8,3,5,"{'min_samples_split': 15, 'max_depth': 8, 'seed': 3, 'q': '5'}",0.7074999999999999
15,8,4,5,"{'min_samples_split': 15, 'max_depth': 8, 'seed': 4, 'q': '5'}",0.7041666666666666
15,8,5,5,"{'min_samples_split': 15, 'max_depth': 8, 'seed': 5, 'q': '5'}",0.7041666666666667
15,8,6,5,"{'min_samples_split': 15, 'max_depth': 8, 'seed': 6, 'q': '5'}",0.6866666666666668
15,8,7,5,"{'min_samples_split': 15, 'max_depth': 8, 'seed': 7, 'q': '5'}",0.6691666666666667
15,16,2,5,"{'min_samples_split': 15, 'max_depth': 16, 'seed': 2, 'q': '5'}",0.6950000000000001
15,16,3,5,"{'min_samples_split': 15, 'max_depth': 16, 'seed': 3, 'q': '5'}",0.6941666666666667
15,16,4,5,"{'min_samples_split': 15, 'max_depth': 16, 'seed': 4, 'q': '5'}",0.6983333333333333
15,16,5,5,"{'min_samples_split': 15, 'max_depth': 16, 'seed': 5, 'q': '5'}",0.6816666666666666
15,16,6,5,"{'min_samples_split': 15, 'max_depth': 16, 'seed': 6, 'q': '5'}",0.6441666666666667
15,16,7,5,"{'min_samples_split': 15, 'max_depth': 16, 'seed': 7, 'q': '5'}",0.6766666666666667
15,32,2,5,"{'min_samples_split': 15, 'max_depth': 32, 'seed': 2, 'q': '5'}",0.6991666666666667
15,32,3,5,"{'min_samples_split': 15, 'max_depth': 32, 'seed': 3, 'q': '5'}",0.6883333333333334
15,32,4,5,"{'min_samples_split': 15, 'max_depth': 32, 'seed': 4, 'q': '5'}",0.6683333333333332
15,32,5,5,"{'min_samples_split': 15, 'max_depth': 32, 'seed': 5, 'q': '5'}",0.6816666666666668
15,32,6,5,"{'min_samples_split': 15, 'max_depth': 32, 'seed': 6, 'q': '5'}",0.6858333333333334
15,32,7,5,"{'min_samples_split': 15, 'max_depth': 32, 'seed': 7, 'q': '5'}",0.6958333333333333
15,,2,5,"{'min_samples_split': 15, 'max_depth': None, 'seed': 2, 'q': '5'}",0.7174999999999999
15,,3,5,"{'min_samples_split': 15, 'max_depth': None, 'seed': 3, 'q': '5'}",0.6908333333333333
15,,4,5,"{'min_samples_split': 15, 'max_depth': None, 'seed': 4, 'q': '5'}",0.7058333333333333
15,,5,5,"{'min_samples_split': 15, 'max_depth': None, 'seed': 5, 'q': '5'}",0.6866666666666666
15,,6,5,"{'min_samples_split': 15, 'max_depth': None, 'seed': 6, 'q': '5'}",0.7125
15,,7,5,"{'min_samples_split': 15, 'max_depth': None, 'seed': 7, 'q': '5'}",0.7008333333333333
20,2,2,5,"{'min_samples_split': 20, 'max_depth': 2, 'seed': 2, 'q': '5'}",0.6783333333333333
20,2,3,5,"{'min_samples_split': 20, 'max_depth': 2, 'seed': 3, 'q': '5'}",0.6791666666666666
20,2,4,5,"{'min_samples_split': 20, 'max_depth': 2, 'seed': 4, 'q': '5'}",0.655
20,2,5,5,"{'min_samples_split': 20, 'max_depth': 2, 'seed': 5, 'q': '5'}",0.6675
20,2,6,5,"{'min_samples_split': 20, 'max_depth': 2, 'seed': 6, 'q': '5'}",0.6633333333333333
20,2,7,5,"{'min_samples_split': 20, 'max_depth': 2, 'seed': 7, 'q': '5'}",0.6766666666666666
20,4,2,5,"{'min_samples_split': 20, 'max_depth': 4, 'seed': 2, 'q': '5'}",0.6683333333333333
20,4,3,5,"{'min_samples_split': 20, 'max_depth': 4, 'seed': 3, 'q': '5'}",0.6825
20,4,4,5,"{'min_samples_split': 20, 'max_depth': 4, 'seed': 4, 'q': '5'}",0.6741666666666667
20,4,5,5,"{'min_samples_split': 20, 'max_depth': 4, 'seed': 5, 'q': '5'}",0.6658333333333333
20,4,6,5,"{'min_samples_split': 20, 'max_depth': 4, 'seed': 6, 'q': '5'}",0.6591666666666667
20,4,7,5,"{'min_samples_split': 20, 'max_depth': 4, 'seed': 7, 'q': '5'}",0.6908333333333333
20,8,2,5,"{'min_samples_split': 20, 'max_depth': 8, 'seed': 2, 'q': '5'}",0.6916666666666667
20,8,3,5,"{'min_samples_split': 20, 'max_depth': 8, 'seed': 3, 'q': '5'}",0.6741666666666667
20,8,4,5,"{'min_samples_split': 20, 'max_depth': 8, 'seed': 4, 'q': '5'}",0.6716666666666666
20,8,5,5,"{'min_samples_split': 20, 'max_depth': 8, 'seed': 5, 'q': '5'}",0.6525
20,8,6,5,"{'min_samples_split': 20, 'max_depth': 8, 'seed': 6, 'q': '5'}",0.6875
20,8,7,5,"{'min_samples_split': 20, 'max_depth': 8, 'seed': 7, 'q': '5'}",0.6825
20,16,2,5,"{'min_samples_split': 20, 'max_depth': 16, 'seed': 2, 'q': '5'}",0.6791666666666667
20,16,3,5,"{'min_samples_split': 20, 'max_depth': 16, 'seed': 3, 'q': '5'}",0.6516666666666666
20,16,4,5,"{'min_samples_split': 20, 'max_depth': 16, 'seed': 4, 'q': '5'}",0.6591666666666667
20,16,5,5,"{'min_samples_split': 20, 'max_depth': 16, 'seed': 5, 'q': '5'}",0.6733333333333333
20,16,6,5,"{'min_samples_split': 20, 'max_depth': 16, 'seed': 6, 'q': '5'}",0.6566666666666666
20,16,7,5,"{'min_samples_split': 20, 'max_depth': 16, 'seed': 7, 'q': '5'}",0.6641666666666667
20,32,2,5,"{'min_samples_split': 20, 'max_depth': 32, 'seed': 2, 'q': '5'}",0.6799999999999999
20,32,3,5,"{'min_samples_split': 20, 'max_depth': 32, 'seed': 3, 'q': '5'}",0.7091666666666667
20,32,4,5,"{'min_samples_split': 20, 'max_depth': 32, 'seed': 4, 'q': '5'}",0.6691666666666667
20,32,5,5,"{'min_samples_split': 20, 'max_depth': 32, 'seed': 5, 'q': '5'}",0.6741666666666667
20,32,6,5,"{'min_samples_split': 20, 'max_depth': 32, 'seed': 6, 'q': '5'}",0.6441666666666667
20,32,7,5,"{'min_samples_split': 20, 'max_depth': 32, 'seed': 7, 'q': '5'}",0.6941666666666667
20,,2,5,"{'min_samples_split': 20, 'max_depth': None, 'seed': 2, 'q': '5'}",0.6633333333333333
20,,3,5,"{'min_samples_split': 20, 'max_depth': None, 'seed': 3, 'q': '5'}",0.6808333333333334
20,,4,5,"{'min_samples_split': 20, 'max_depth': None, 'seed': 4, 'q': '5'}",0.6633333333333333
20,,5,5,"{'min_samples_split': 20, 'max_depth': None, 'seed': 5, 'q': '5'}",0.6875
20,,6,5,"{'min_samples_split': 20, 'max_depth': None, 'seed': 6, 'q': '5'}",0.655
20,,7,5,"{'min_samples_split': 20, 'max_depth': None, 'seed': 7, 'q': '5'}",0.64
25,2,2,5,"{'min_samples_split': 25, 'max_depth': 2, 'seed': 2, 'q': '5'}",0.6608333333333334
25,2,3,5,"{'min_samples_split': 25, 'max_depth': 2, 'seed': 3, 'q': '5'}",0.6625
25,2,4,5,"{'min_samples_split': 25, 'max_depth': 2, 'seed': 4, 'q': '5'}",0.6591666666666667
25,2,5,5,"{'min_samples_split': 25, 'max_depth': 2, 'seed': 5, 'q': '5'}",0.6466666666666666
25,2,6,5,"{'min_samples_split': 25, 'max_depth': 2, 'seed': 6, 'q': '5'}",0.6641666666666667
25,2,7,5,"{'min_samples_split': 25, 'max_depth': 2, 'seed': 7, 'q': '5'}",0.6725
25,4,2,5,"{'min_samples_split': 25, 'max_depth': 4, 'seed': 2, 'q': '5'}",0.6625000000000001
25,4,3,5,"{'min_samples_split': 25, 'max_depth': 4, 'seed': 3, 'q': '5'}",0.6591666666666667
25,4,4,5,"{'min_samples_split': 25, 'max_depth': 4, 'seed': 4, 'q': '5'}",0.6641666666666666
25,4,5,5,"{'min_samples_split': 25, 'max_depth': 4, 'seed': 5, 'q': '5'}",0.6566666666666667
25,4,6,5,"{'min_samples_split': 25, 'max_depth': 4, 'seed': 6, 'q': '5'}",0.6775
25,4,7,5,"{'min_samples_split': 25, 'max_depth': 4, 'seed': 7, 'q': '5'}",0.6608333333333333
25,8,2,5,"{'min_samples_split': 25, 'max_depth': 8, 'seed': 2, 'q': '5'}",0.6983333333333334
25,8,3,5,"{'min_samples_split': 25, 'max_depth': 8, 'seed': 3, 'q': '5'}",0.665
25,8,4,5,"{'min_samples_split': 25, 'max_depth': 8, 'seed': 4, 'q': '5'}",0.6175
25,8,5,5,"{'min_samples_split': 25, 'max_depth': 8, 'seed': 5, 'q': '5'}",0.6400000000000001
25,8,6,5,"{'min_samples_split': 25, 'max_depth': 8, 'seed': 6, 'q': '5'}",0.6658333333333333
25,8,7,5,"{'min_samples_split': 25, 'max_depth': 8, 'seed': 7, 'q': '5'}",0.6699999999999999
25,16,2,5,"{'min_samples_split': 25, 'max_depth': 16, 'seed': 2, 'q': '5'}",0.67
25,16,3,5,"{'min_samples_split': 25, 'max_depth': 16, 'seed': 3, 'q': '5'}",0.6883333333333334
25,16,4,5,"{'min_samples_split': 25, 'max_depth': 16, 'seed': 4, 'q': '5'}",0.6683333333333333
25,16,5,5,"{'min_samples_split': 25, 'max_depth': 16, 'seed': 5, 'q': '5'}",0.6233333333333333
25,16,6,5,"{'min_samples_split': 25, 'max_depth': 16, 'seed': 6, 'q': '5'}",0.675
25,16,7,5,"{'min_samples_split': 25, 'max_depth': 16, 'seed': 7, 'q': '5'}",0.6891666666666667
25,32,2,5,"{'min_samples_split': 25, 'max_depth': 32, 'seed': 2, 'q': '5'}",0.6691666666666667
25,32,3,5,"{'min_samples_split': 25, 'max_depth': 32, 'seed': 3, 'q': '5'}",0.6875
25,32,4,5,"{'min_samples_split': 25, 'max_depth': 32, 'seed': 4, 'q': '5'}",0.6283333333333333
25,32,5,5,"{'min_samples_split': 25, 'max_depth': 32, 'seed': 5, 'q': '5'}",0.6816666666666666
25,32,6,5,"{'min_samples_split': 25, 'max_depth': 32, 'seed': 6, 'q': '5'}",0.6875
25,32,7,5,"{'min_samples_split': 25, 'max_depth': 32, 'seed': 7, 'q': '5'}",0.6691666666666667
25,,2,5,"{'min_samples_split': 25, 'max_depth': None, 'seed': 2, 'q': '5'}",0.6458333333333333
25,,3,5,"{'min_samples_split': 25, 'max_depth': None, 'seed': 3, 'q': '5'}",0.6741666666666667
25,,4,5,"{'min_samples_split': 25, 'max_depth': None, 'seed': 4, 'q': '5'}",0.7016666666666667
25,,5,5,"{'min_samples_split': 25, 'max_depth': None, 'seed': 5, 'q': '5'}",0.6675
25,,6,5,"{'min_samples_split': 25, 'max_depth': None, 'seed': 6, 'q': '5'}",0.6608333333333334
25,,7,5,"{'min_samples_split': 25, 'max_depth': None, 'seed': 7, 'q': '5'}",0.6383333333333333
3,2,2,None,"{'min_samples_split': 3, 'max_depth': 2, 'seed': 2, 'q': 'None'}",0.6166666666666667
3,2,3,None,"{'min_samples_split': 3, 'max_depth': 2, 'seed': 3, 'q': 'None'}",0.6625000000000001
3,2,4,None,"{'min_samples_split': 3, 'max_depth': 2, 'seed': 4, 'q': 'None'}",0.6216666666666667
3,2,5,None,"{'min_samples_split': 3, 'max_depth': 2, 'seed': 5, 'q': 'None'}",0.6258333333333334
3,2,6,None,"{'min_samples_split': 3, 'max_depth': 2, 'seed': 6, 'q': 'None'}",0.6108333333333333
3,2,7,None,"{'min_samples_split': 3, 'max_depth': 2, 'seed': 7, 'q': 'None'}",0.5800000000000001
3,4,2,None,"{'min_samples_split': 3, 'max_depth': 4, 'seed': 2, 'q': 'None'}",0.7766666666666666
3,4,3,None,"{'min_samples_split': 3, 'max_depth': 4, 'seed': 3, 'q': 'None'}",0.7591666666666667
3,4,4,None,"{'min_samples_split': 3, 'max_depth': 4, 'seed': 4, 'q': 'None'}",0.7566666666666668
3,4,5,None,"{'min_samples_split': 3, 'max_depth': 4, 'seed': 5, 'q': 'None'}",0.7883333333333333
3,4,6,None,"{'min_samples_split': 3, 'max_depth': 4, 'seed': 6, 'q': 'None'}",0.7691666666666667
3,4,7,None,"{'min_samples_split': 3, 'max_depth': 4, 'seed': 7, 'q': 'None'}",0.7716666666666666
3,8,2,None,"{'min_samples_split': 3, 'max_depth': 8, 'seed': 2, 'q': 'None'}",0.8591666666666667
3,8,3,None,"{'min_samples_split': 3, 'max_depth': 8, 'seed': 3, 'q': 'None'}",0.8716666666666667
3,8,4,None,"{'min_samples_split': 3, 'max_depth': 8, 'seed': 4, 'q': 'None'}",0.8766666666666667
3,8,5,None,"{'min_samples_split': 3, 'max_depth': 8, 'seed': 5, 'q': 'None'}",0.8791666666666668
3,8,6,None,"{'min_samples_split': 3, 'max_depth': 8, 'seed': 6, 'q': 'None'}",0.8741666666666666
3,8,7,None,"{'min_samples_split': 3, 'max_depth': 8, 'seed': 7, 'q': 'None'}",0.8600000000000001
3,16,2,None,"{'min_samples_split': 3, 'max_depth': 16, 'seed': 2, 'q': 'None'}",0.8566666666666667
3,16,3,None,"{'min_samples_split': 3, 'max_depth': 16, 'seed': 3, 'q': 'None'}",0.88
3,16,4,None,"{'min_samples_split': 3, 'max_depth': 16, 'seed': 4, 'q': 'None'}",0.8283333333333334
3,16,5,None,"{'min_samples_split': 3, 'max_depth': 16, 'seed': 5, 'q': 'None'}",0.865
3,16,6,None,"{'min_samples_split': 3, 'max_depth': 16, 'seed': 6, 'q': 'None'}",0.8583333333333333
3,16,7,None,"{'min_samples_split': 3, 'max_depth': 16, 'seed': 7, 'q': 'None'}",0.8658333333333332
3,32,2,None,"{'min_samples_split': 3, 'max_depth': 32, 'seed': 2, 'q': 'None'}",0.8591666666666666
3,32,3,None,"{'min_samples_split': 3, 'max_depth': 32, 'seed': 3, 'q': 'None'}",0.8566666666666667
3,32,4,None,"{'min_samples_split': 3, 'max_depth': 32, 'seed': 4, 'q': 'None'}",0.8575
3,32,5,None,"{'min_samples_split': 3, 'max_depth': 32, 'seed': 5, 'q': 'None'}",0.8525
3,32,6,None,"{'min_samples_split': 3, 'max_depth': 32, 'seed': 6, 'q': 'None'}",0.8633333333333333
3,32,7,None,"{'min_samples_split': 3, 'max_depth': 32, 'seed': 7, 'q': 'None'}",0.8800000000000001
3,,2,None,"{'min_samples_split': 3, 'max_depth': None, 'seed': 2, 'q': 'None'}",0.8683333333333334
3,,3,None,"{'min_samples_split': 3, 'max_depth': None, 'seed': 3, 'q': 'None'}",0.8591666666666666
3,,4,None,"{'min_samples_split': 3, 'max_depth': None, 'seed': 4, 'q': 'None'}",0.8891666666666667
3,,5,None,"{'min_samples_split': 3, 'max_depth': None, 'seed': 5, 'q': 'None'}",0.8575000000000002
3,,6,None,"{'min_samples_split': 3, 'max_depth': None, 'seed': 6, 'q': 'None'}",0.8566666666666667
3,,7,None,"{'min_samples_split': 3, 'max_depth': None, 'seed': 7, 'q': 'None'}",0.8425
4,2,2,None,"{'min_samples_split': 4, 'max_depth': 2, 'seed': 2, 'q': 'None'}",0.6666666666666665
4,2,3,None,"{'min_samples_split': 4, 'max_depth': 2, 'seed': 3, 'q': 'None'}",0.6316666666666666
4,2,4,None,"{'min_samples_split': 4, 'max_depth': 2, 'seed': 4, 'q': 'None'}",0.615
4,2,5,None,"{'min_samples_split': 4, 'max_depth': 2, 'seed': 5, 'q': 'None'}",0.6316666666666666
4,2,6,None,"{'min_samples_split': 4, 'max_depth': 2, 'seed': 6, 'q': 'None'}",0.6383333333333333
4,2,7,None,"{'min_samples_split': 4, 'max_depth': 2, 'seed': 7, 'q': 'None'}",0.6475000000000001
4,4,2,None,"{'min_samples_split': 4, 'max_depth': 4, 'seed': 2, 'q': 'None'}",0.7350000000000001
4,4,3,None,"{'min_samples_split': 4, 'max_depth': 4, 'seed': 3, 'q': 'None'}",0.74
4,4,4,None,"{'min_samples_split': 4, 'max_depth': 4, 'seed': 4, 'q': 'None'}",0.7741666666666667
4,4,5,None,"{'min_samples_split': 4, 'max_depth': 4, 'seed': 5, 'q': 'None'}",0.7916666666666667
4,4,6,None,"{'min_samples_split': 4, 'max_depth': 4, 'seed': 6, 'q': 'None'}",0.7525
4,4,7,None,"{'min_samples_split': 4, 'max_depth': 4, 'seed': 7, 'q': 'None'}",0.745
4,8,2,None,"{'min_samples_split': 4, 'max_depth': 8, 'seed': 2, 'q': 'None'}",0.8533333333333334
4,8,3,None,"{'min_samples_split': 4, 'max_depth': 8, 'seed': 3, 'q': 'None'}",0.8791666666666667
4,8,4,None,"{'min_samples_split': 4, 'max_depth': 8, 'seed': 4, 'q': 'None'}",0.8741666666666666
4,8,5,None,"{'min_samples_split': 4, 'max_depth': 8, 'seed': 5, 'q': 'None'}",0.8766666666666666
4,8,6,None,"{'min_samples_split': 4, 'max_depth': 8, 'seed': 6, 'q': 'None'}",0.8683333333333333
4,8,7,None,"{'min_samples_split': 4, 'max_depth': 8, 'seed': 7, 'q': 'None'}",0.8525
4,16,2,None,"{'min_samples_split': 4, 'max_depth': 16, 'seed': 2, 'q': 'None'}",0.8841666666666668
4,16,3,None,"{'min_samples_split': 4, 'max_depth': 16, 'seed': 3, 'q': 'None'}",0.8724999999999999
4,16,4,None,"{'min_samples_split': 4, 'max_depth': 16, 'seed': 4, 'q': 'None'}",0.8700000000000001
4,16,5,None,"{'min_samples_split': 4, 'max_depth': 16, 'seed': 5, 'q': 'None'}",0.89
4,16,6,None,"{'min_samples_split': 4, 'max_depth': 16, 'seed': 6, 'q': 'None'}",0.8758333333333334
4,16,7,None,"{'min_samples_split': 4, 'max_depth': 16, 'seed': 7, 'q': 'None'}",0.8624999999999999
4,32,2,None,"{'min_samples_split': 4, 'max_depth': 32, 'seed': 2, 'q': 'None'}",0.8783333333333334
4,32,3,None,"{'min_samples_split': 4, 'max_depth': 32, 'seed': 3, 'q': 'None'}",0.8558333333333333
4,32,4,None,"{'min_samples_split': 4, 'max_depth': 32, 'seed': 4, 'q': 'None'}",0.87
4,32,5,None,"{'min_samples_split': 4, 'max_depth': 32, 'seed': 5, 'q': 'None'}",0.8858333333333334
4,32,6,None,"{'min_samples_split': 4, 'max_depth': 32, 'seed': 6, 'q': 'None'}",0.8708333333333333
4,32,7,None,"{'min_samples_split': 4, 'max_depth': 32, 'seed': 7, 'q': 'None'}",0.8633333333333333
4,,2,None,"{'min_samples_split': 4, 'max_depth': None, 'seed': 2, 'q': 'None'}",0.88
4,,3,None,"{'min_samples_split': 4, 'max_depth': None, 'seed': 3, 'q': 'None'}",0.865
4,,4,None,"{'min_samples_split': 4, 'max_depth': None, 'seed': 4, 'q': 'None'}",0.8541666666666666
4,,5,None,"{'min_samples_split': 4, 'max_depth': None, 'seed': 5, 'q': 'None'}",0.85
4,,6,None,"{'min_samples_split': 4, 'max_depth': None, 'seed': 6, 'q': 'None'}",0.8900000000000001
4,,7,None,"{'min_samples_split': 4, 'max_depth': None, 'seed': 7, 'q': 'None'}",0.8725
5,2,2,None,"{'min_samples_split': 5, 'max_depth': 2, 'seed': 2, 'q': 'None'}",0.5916666666666667
5,2,3,None,"{'min_samples_split': 5, 'max_depth': 2, 'seed': 3, 'q': 'None'}",0.6158333333333333
5,2,4,None,"{'min_samples_split': 5, 'max_depth': 2, 'seed': 4, 'q': 'None'}",0.66
5,2,5,None,"{'min_samples_split': 5, 'max_depth': 2, 'seed': 5, 'q': 'None'}",0.6491666666666667
5,2,6,None,"{'min_samples_split': 5, 'max_depth': 2, 'seed': 6, 'q': 'None'}",0.6216666666666666
5,2,7,None,"{'min_samples_split': 5, 'max_depth': 2, 'seed': 7, 'q': 'None'}",0.6308333333333334
5,4,2,None,"{'min_samples_split': 5, 'max_depth': 4, 'seed': 2, 'q': 'None'}",0.7766666666666666
5,4,3,None,"{'min_samples_split': 5, 'max_depth': 4, 'seed': 3, 'q': 'None'}",0.7716666666666666
5,4,4,None,"{'min_samples_split': 5, 'max_depth': 4, 'seed': 4, 'q': 'None'}",0.7741666666666667
5,4,5,None,"{'min_samples_split': 5, 'max_depth': 4, 'seed': 5, 'q': 'None'}",0.7491666666666666
5,4,6,None,"{'min_samples_split': 5, 'max_depth': 4, 'seed': 6, 'q': 'None'}",0.7366666666666667
5,4,7,None,"{'min_samples_split': 5, 'max_depth': 4, 'seed': 7, 'q': 'None'}",0.7891666666666667
5,8,2,None,"{'min_samples_split': 5, 'max_depth': 8, 'seed': 2, 'q': 'None'}",0.8516666666666667
5,8,3,None,"{'min_samples_split': 5, 'max_depth': 8, 'seed': 3, 'q': 'None'}",0.87
5,8,4,None,"{'min_samples_split': 5, 'max_depth': 8, 'seed': 4, 'q': 'None'}",0.8608333333333333
5,8,5,None,"{'min_samples_split': 5, 'max_depth': 8, 'seed': 5, 'q': 'None'}",0.885
5,8,6,None,"{'min_samples_split': 5, 'max_depth': 8, 'seed': 6, 'q': 'None'}",0.8591666666666667
5,8,7,None,"{'min_samples_split': 5, 'max_depth': 8, 'seed': 7, 'q': 'None'}",0.8691666666666668
5,16,2,None,"{'min_samples_split': 5, 'max_depth': 16, 'seed': 2, 'q': 'None'}",0.86
5,16,3,None,"{'min_samples_split': 5, 'max_depth': 16, 'seed': 3, 'q': 'None'}",0.8641666666666666
5,16,4,None,"{'min_samples_split': 5, 'max_depth': 16, 'seed': 4, 'q': 'None'}",0.8633333333333333
5,16,5,None,"{'min_samples_split': 5, 'max_depth': 16, 'seed': 5, 'q': 'None'}",0.8583333333333334
5,16,6,None,"{'min_samples_split': 5, 'max_depth': 16, 'seed': 6, 'q': 'None'}",0.8525
5,16,7,None,"{'min_samples_split': 5, 'max_depth': 16, 'seed': 7, 'q': 'None'}",0.8641666666666666
5,32,2,None,"{'min_samples_split': 5, 'max_depth': 32, 'seed': 2, 'q': 'None'}",0.8866666666666667
5,32,3,None,"{'min_samples_split': 5, 'max_depth': 32, 'seed': 3, 'q': 'None'}",0.865
5,32,4,None,"{'min_samples_split': 5, 'max_depth': 32, 'seed': 4, 'q': 'None'}",0.8508333333333333
5,32,5,None,"{'min_samples_split': 5, 'max_depth': 32, 'seed': 5, 'q': 'None'}",0.88
5,32,6,None,"{'min_samples_split': 5, 'max_depth': 32, 'seed': 6, 'q': 'None'}",0.8658333333333335
5,32,7,None,"{'min_samples_split': 5, 'max_depth': 32, 'seed': 7, 'q': 'None'}",0.8875
5,,2,None,"{'min_samples_split': 5, 'max_depth': None, 'seed': 2, 'q': 'None'}",0.8841666666666668
5,,3,None,"{'min_samples_split': 5, 'max_depth': None, 'seed': 3, 'q': 'None'}",0.8791666666666667
5,,4,None,"{'min_samples_split': 5, 'max_depth': None, 'seed': 4, 'q': 'None'}",0.8733333333333334
5,,5,None,"{'min_samples_split': 5, 'max_depth': None, 'seed': 5, 'q': 'None'}",0.8658333333333333
5,,6,None,"{'min_samples_split': 5, 'max_depth': None, 'seed': 6, 'q': 'None'}",0.8666666666666667
5,,7,None,"{'min_samples_split': 5, 'max_depth': None, 'seed': 7, 'q': 'None'}",0.8783333333333334
10,2,2,None,"{'min_samples_split': 10, 'max_depth': 2, 'seed': 2, 'q': 'None'}",0.6616666666666667
10,2,3,None,"{'min_samples_split': 10, 'max_depth': 2, 'seed': 3, 'q': 'None'}",0.6408333333333334
10,2,4,None,"{'min_samples_split': 10, 'max_depth': 2, 'seed': 4, 'q': 'None'}",0.6383333333333334
10,2,5,None,"{'min_samples_split': 10, 'max_depth': 2, 'seed': 5, 'q': 'None'}",0.6491666666666667
10,2,6,None,"{'min_samples_split': 10, 'max_depth': 2, 'seed': 6, 'q': 'None'}",0.6391666666666667
10,2,7,None,"{'min_samples_split': 10, 'max_depth': 2, 'seed': 7, 'q': 'None'}",0.6491666666666667
10,4,2,None,"{'min_samples_split': 10, 'max_depth': 4, 'seed': 2, 'q': 'None'}",0.76
10,4,3,None,"{'min_samples_split': 10, 'max_depth': 4, 'seed': 3, 'q': 'None'}",0.7658333333333334
10,4,4,None,"{'min_samples_split': 10, 'max_depth': 4, 'seed': 4, 'q': 'None'}",0.8158333333333333
10,4,5,None,"{'min_samples_split': 10, 'max_depth': 4, 'seed': 5, 'q': 'None'}",0.7449999999999999
10,4,6,None,"{'min_samples_split': 10, 'max_depth': 4, 'seed': 6, 'q': 'None'}",0.7608333333333334
10,4,7,None,"{'min_samples_split': 10, 'max_depth': 4, 'seed': 7, 'q': 'None'}",0.7550000000000001
10,8,2,None,"{'min_samples_split': 10, 'max_depth': 8, 'seed': 2, 'q': 'None'}",0.8374999999999999
10,8,3,None,"{'min_samples_split': 10, 'max_depth': 8, 'seed': 3, 'q': 'None'}",0.8483333333333333
10,8,4,None,"{'min_samples_split': 10, 'max_depth': 8, 'seed': 4, 'q': 'None'}",0.8325
10,8,5,None,"{'min_samples_split': 10, 'max_depth': 8, 'seed': 5, 'q': 'None'}",0.8608333333333333
10,8,6,None,"{'min_samples_split': 10, 'max_depth': 8, 'seed': 6, 'q': 'None'}",0.8558333333333333
10,8,7,None,"{'min_samples_split': 10, 'max_depth': 8, 'seed': 7, 'q': 'None'}",0.8633333333333333
10,16,2,None,"{'min_samples_split': 10, 'max_depth': 16, 'seed': 2, 'q': 'None'}",0.855
10,16,3,None,"{'min_samples_split': 10, 'max_depth': 16, 'seed': 3, 'q': 'None'}",0.8758333333333332
10,16,4,None,"{'min_samples_split': 10, 'max_depth': 16, 'seed': 4, 'q': 'None'}",0.8625
10,16,5,None,"{'min_samples_split': 10, 'max_depth': 16, 'seed': 5, 'q': 'None'}",0.8433333333333333
10,16,6,None,"{'min_samples_split': 10, 'max_depth': 16, 'seed': 6, 'q': 'None'}",0.8333333333333333
10,16,7,None,"{'min_samples_split': 10, 'max_depth': 16, 'seed': 7, 'q': 'None'}",0.865
10,32,2,None,"{'min_samples_split': 10, 'max_depth': 32, 'seed': 2, 'q': 'None'}",0.8425
10,32,3,None,"{'min_samples_split': 10, 'max_depth': 32, 'seed': 3, 'q': 'None'}",0.8616666666666666
10,32,4,None,"{'min_samples_split': 10, 'max_depth': 32, 'seed': 4, 'q': 'None'}",0.8591666666666666
10,32,5,None,"{'min_samples_split': 10, 'max_depth': 32, 'seed': 5, 'q': 'None'}",0.855
10,32,6,None,"{'min_samples_split': 10, 'max_depth': 32, 'seed': 6, 'q': 'None'}",0.8491666666666666
10,32,7,None,"{'min_samples_split': 10, 'max_depth': 32, 'seed': 7, 'q': 'None'}",0.8366666666666666
10,,2,None,"{'min_samples_split': 10, 'max_depth': None, 'seed': 2, 'q': 'None'}",0.8416666666666667
10,,3,None,"{'min_samples_split': 10, 'max_depth': None, 'seed': 3, 'q': 'None'}",0.8358333333333334
10,,4,None,"{'min_samples_split': 10, 'max_depth': None, 'seed': 4, 'q': 'None'}",0.8391666666666667
10,,5,None,"{'min_samples_split': 10, 'max_depth': None, 'seed': 5, 'q': 'None'}",0.8525
10,,6,None,"{'min_samples_split': 10, 'max_depth': None, 'seed': 6, 'q': 'None'}",0.8583333333333334
10,,7,None,"{'min_samples_split': 10, 'max_depth': None, 'seed': 7, 'q': 'None'}",0.865
15,2,2,None,"{'min_samples_split': 15, 'max_depth': 2, 'seed': 2, 'q': 'None'}",0.5983333333333334
15,2,3,None,"{'min_samples_split': 15, 'max_depth': 2, 'seed': 3, 'q': 'None'}",0.645
15,2,4,None,"{'min_samples_split': 15, 'max_depth': 2, 'seed': 4, 'q': 'None'}",0.6533333333333333
15,2,5,None,"{'min_samples_split': 15, 'max_depth': 2, 'seed': 5, 'q': 'None'}",0.6583333333333333
15,2,6,None,"{'min_samples_split': 15, 'max_depth': 2, 'seed': 6, 'q': 'None'}",0.6475
15,2,7,None,"{'min_samples_split': 15, 'max_depth': 2, 'seed': 7, 'q': 'None'}",0.6675
15,4,2,None,"{'min_samples_split': 15, 'max_depth': 4, 'seed': 2, 'q': 'None'}",0.7591666666666667
15,4,3,None,"{'min_samples_split': 15, 'max_depth': 4, 'seed': 3, 'q': 'None'}",0.7558333333333334
15,4,4,None,"{'min_samples_split': 15, 'max_depth': 4, 'seed': 4, 'q': 'None'}",0.7416666666666667
15,4,5,None,"{'min_samples_split': 15, 'max_depth': 4, 'seed': 5, 'q': 'None'}",0.7491666666666666
15,4,6,None,"{'min_samples_split': 15, 'max_depth': 4, 'seed': 6, 'q': 'None'}",0.735
15,4,7,None,"{'min_samples_split': 15, 'max_depth': 4, 'seed': 7, 'q': 'None'}",0.8066666666666666
15,8,2,None,"{'min_samples_split': 15, 'max_depth': 8, 'seed': 2, 'q': 'None'}",0.8166666666666667
15,8,3,None,"{'min_samples_split': 15, 'max_depth': 8, 'seed': 3, 'q': 'None'}",0.8333333333333334
15,8,4,None,"{'min_samples_split': 15, 'max_depth': 8, 'seed': 4, 'q': 'None'}",0.8333333333333334
15,8,5,None,"{'min_samples_split': 15, 'max_depth': 8, 'seed': 5, 'q': 'None'}",0.8458333333333332
15,8,6,None,"{'min_samples_split': 15, 'max_depth': 8, 'seed': 6, 'q': 'None'}",0.82
15,8,7,None,"{'min_samples_split': 15, 'max_depth': 8, 'seed': 7, 'q': 'None'}",0.8350000000000001
15,16,2,None,"{'min_samples_split': 15, 'max_depth': 16, 'seed': 2, 'q': 'None'}",0.8633333333333333
15,16,3,None,"{'min_samples_split': 15, 'max_depth': 16, 'seed': 3, 'q': 'None'}",0.8216666666666668
15,16,4,None,"{'min_samples_split': 15, 'max_depth': 16, 'seed': 4, 'q': 'None'}",0.8333333333333333
15,16,5,None,"{'min_samples_split': 15, 'max_depth': 16, 'seed': 5, 'q': 'None'}",0.8325
15,16,6,None,"{'min_samples_split': 15, 'max_depth': 16, 'seed': 6, 'q': 'None'}",0.795
15,16,7,None,"{'min_samples_split': 15, 'max_depth': 16, 'seed': 7, 'q': 'None'}",0.8341666666666667
15,32,2,None,"{'min_samples_split': 15, 'max_depth': 32, 'seed': 2, 'q': 'None'}",0.835
15,32,3,None,"{'min_samples_split': 15, 'max_depth': 32, 'seed': 3, 'q': 'None'}",0.84
15,32,4,None,"{'min_samples_split': 15, 'max_depth': 32, 'seed': 4, 'q': 'None'}",0.8241666666666666
15,32,5,None,"{'min_samples_split': 15, 'max_depth': 32, 'seed': 5, 'q': 'None'}",0.78
15,32,6,None,"{'min_samples_split': 15, 'max_depth': 32, 'seed': 6, 'q': 'None'}",0.8183333333333334
15,32,7,None,"{'min_samples_split': 15, 'max_depth': 32, 'seed': 7, 'q': 'None'}",0.8358333333333333
15,,2,None,"{'min_samples_split': 15, 'max_depth': None, 'seed': 2, 'q': 'None'}",0.8258333333333333
15,,3,None,"{'min_samples_split': 15, 'max_depth': None, 'seed': 3, 'q': 'None'}",0.8350000000000001
15,,4,None,"{'min_samples_split': 15, 'max_depth': None, 'seed': 4, 'q': 'None'}",0.8291666666666666
15,,5,None,"{'min_samples_split': 15, 'max_depth': None, 'seed': 5, 'q': 'None'}",0.8391666666666667
15,,6,None,"{'min_samples_split': 15, 'max_depth': None, 'seed': 6, 'q': 'None'}",0.875
15,,7,None,"{'min_samples_split': 15, 'max_depth': None, 'seed': 7, 'q': 'None'}",0.8458333333333333
20,2,2,None,"{'min_samples_split': 20, 'max_depth': 2, 'seed': 2, 'q': 'None'}",0.6416666666666667
20,2,3,None,"{'min_samples_split': 20, 'max_depth': 2, 'seed': 3, 'q': 'None'}",0.6333333333333333
20,2,4,None,"{'min_samples_split': 20, 'max_depth': 2, 'seed': 4, 'q': 'None'}",0.6666666666666666
20,2,5,None,"{'min_samples_split': 20, 'max_depth': 2, 'seed': 5, 'q': 'None'}",0.6308333333333332
20,2,6,None,"{'min_samples_split': 20, 'max_depth': 2, 'seed': 6, 'q': 'None'}",0.6483333333333334
20,2,7,None,"{'min_samples_split': 20, 'max_depth': 2, 'seed': 7, 'q': 'None'}",0.6783333333333333
20,4,2,None,"{'min_samples_split': 20, 'max_depth': 4, 'seed': 2, 'q': 'None'}",0.7025
20,4,3,None,"{'min_samples_split': 20, 'max_depth': 4, 'seed': 3, 'q': 'None'}",0.7841666666666667
20,4,4,None,"{'min_samples_split': 20, 'max_depth': 4, 'seed': 4, 'q': 'None'}",0.7625
20,4,5,None,"{'min_samples_split': 20, 'max_depth': 4, 'seed': 5, 'q': 'None'}",0.7491666666666668
20,4,6,None,"{'min_samples_split': 20, 'max_depth': 4, 'seed': 6, 'q': 'None'}",0.7483333333333333
20,4,7,None,"{'min_samples_split': 20, 'max_depth': 4, 'seed': 7, 'q': 'None'}",0.7441666666666666
20,8,2,None,"{'min_samples_split': 20, 'max_depth': 8, 'seed': 2, 'q': 'None'}",0.8375
20,8,3,None,"{'min_samples_split': 20, 'max_depth': 8, 'seed': 3, 'q': 'None'}",0.8108333333333333
20,8,4,None,"{'min_samples_split': 20, 'max_depth': 8, 'seed': 4, 'q': 'None'}",0.785
20,8,5,None,"{'min_samples_split': 20, 'max_depth': 8, 'seed': 5, 'q': 'None'}",0.8125
20,8,6,None,"{'min_samples_split': 20, 'max_depth': 8, 'seed': 6, 'q': 'None'}",0.8350000000000001
20,8,7,None,"{'min_samples_split': 20, 'max_depth': 8, 'seed': 7, 'q': 'None'}",0.8425
20,16,2,None,"{'min_samples_split': 20, 'max_depth': 16, 'seed': 2, 'q': 'None'}",0.8066666666666668
20,16,3,None,"{'min_samples_split': 20, 'max_depth': 16, 'seed': 3, 'q': 'None'}",0.8141666666666667
20,16,4,None,"{'min_samples_split': 20, 'max_depth': 16, 'seed': 4, 'q': 'None'}",0.8125
20,16,5,None,"{'min_samples_split': 20, 'max_depth': 16, 'seed': 5, 'q': 'None'}",0.8150000000000001
20,16,6,None,"{'min_samples_split': 20, 'max_depth': 16, 'seed': 6, 'q': 'None'}",0.8250000000000001
20,16,7,None,"{'min_samples_split': 20, 'max_depth': 16, 'seed': 7, 'q': 'None'}",0.8058333333333333
20,32,2,None,"{'min_samples_split': 20, 'max_depth': 32, 'seed': 2, 'q': 'None'}",0.8075
20,32,3,None,"{'min_samples_split': 20, 'max_depth': 32, 'seed': 3, 'q': 'None'}",0.8125
20,32,4,None,"{'min_samples_split': 20, 'max_depth': 32, 'seed': 4, 'q': 'None'}",0.8583333333333334
20,32,5,None,"{'min_samples_split': 20, 'max_depth': 32, 'seed': 5, 'q': 'None'}",0.8125
20,32,6,None,"{'min_samples_split': 20, 'max_depth': 32, 'seed': 6, 'q': 'None'}",0.8233333333333333
20,32,7,None,"{'min_samples_split': 20, 'max_depth': 32, 'seed': 7, 'q': 'None'}",0.8225
20,,2,None,"{'min_samples_split': 20, 'max_depth': None, 'seed': 2, 'q': 'None'}",0.8366666666666667
20,,3,None,"{'min_samples_split': 20, 'max_depth': None, 'seed': 3, 'q': 'None'}",0.7758333333333334
20,,4,None,"{'min_samples_split': 20, 'max_depth': None, 'seed': 4, 'q': 'None'}",0.8091666666666667
20,,5,None,"{'min_samples_split': 20, 'max_depth': None, 'seed': 5, 'q': 'None'}",0.8408333333333333
20,,6,None,"{'min_samples_split': 20, 'max_depth': None, 'seed': 6, 'q': 'None'}",0.8091666666666667
20,,7,None,"{'min_samples_split': 20, 'max_depth': None, 'seed': 7, 'q': 'None'}",0.8108333333333333
25,2,2,None,"{'min_samples_split': 25, 'max_depth': 2, 'seed': 2, 'q': 'None'}",0.6341666666666667
25,2,3,None,"{'min_samples_split': 25, 'max_depth': 2, 'seed': 3, 'q': 'None'}",0.6499999999999999
25,2,4,None,"{'min_samples_split': 25, 'max_depth': 2, 'seed': 4, 'q': 'None'}",0.6316666666666666
25,2,5,None,"{'min_samples_split': 25, 'max_depth': 2, 'seed': 5, 'q': 'None'}",0.6108333333333333
25,2,6,None,"{'min_samples_split': 25, 'max_depth': 2, 'seed': 6, 'q': 'None'}",0.6166666666666667
25,2,7,None,"{'min_samples_split': 25, 'max_depth': 2, 'seed': 7, 'q': 'None'}",0.6599999999999999
25,4,2,None,"{'min_samples_split': 25, 'max_depth': 4, 'seed': 2, 'q': 'None'}",0.7341666666666666
25,4,3,None,"{'min_samples_split': 25, 'max_depth': 4, 'seed': 3, 'q': 'None'}",0.7649999999999999
25,4,4,None,"{'min_samples_split': 25, 'max_depth': 4, 'seed': 4, 'q': 'None'}",0.7308333333333333
25,4,5,None,"{'min_samples_split': 25, 'max_depth': 4, 'seed': 5, 'q': 'None'}",0.7341666666666666
25,4,6,None,"{'min_samples_split': 25, 'max_depth': 4, 'seed': 6, 'q': 'None'}",0.7858333333333334
25,4,7,None,"{'min_samples_split': 25, 'max_depth': 4, 'seed': 7, 'q': 'None'}",0.7483333333333334
25,8,2,None,"{'min_samples_split': 25, 'max_depth': 8, 'seed': 2, 'q': 'None'}",0.8041666666666666
25,8,3,None,"{'min_samples_split': 25, 'max_depth': 8, 'seed': 3, 'q': 'None'}",0.7975
25,8,4,None,"{'min_samples_split': 25, 'max_depth': 8, 'seed': 4, 'q': 'None'}",0.7583333333333333
25,8,5,None,"{'min_samples_split': 25, 'max_depth': 8, 'seed': 5, 'q': 'None'}",0.7941666666666667
25,8,6,None,"{'min_samples_split': 25, 'max_depth': 8, 'seed': 6, 'q': 'None'}",0.7783333333333333
25,8,7,None,"{'min_samples_split': 25, 'max_depth': 8, 'seed': 7, 'q': 'None'}",0.7891666666666666
25,16,2,None,"{'min_samples_split': 25, 'max_depth': 16, 'seed': 2, 'q': 'None'}",0.8133333333333334
25,16,3,None,"{'min_samples_split': 25, 'max_depth': 16, 'seed': 3, 'q': 'None'}",0.7691666666666667
25,16,4,None,"{'min_samples_split': 25, 'max_depth': 16, 'seed': 4, 'q': 'None'}",0.7933333333333333
25,16,5,None,"{'min_samples_split': 25, 'max_depth': 16, 'seed': 5, 'q': 'None'}",0.79
25,16,6,None,"{'min_samples_split': 25, 'max_depth': 16, 'seed': 6, 'q': 'None'}",0.8
25,16,7,None,"{'min_samples_split': 25, 'max_depth': 16, 'seed': 7, 'q': 'None'}",0.8141666666666667
25,32,2,None,"{'min_samples_split': 25, 'max_depth': 32, 'seed': 2, 'q': 'None'}",0.7891666666666667
25,32,3,None,"{'min_samples_split': 25, 'max_depth': 32, 'seed': 3, 'q': 'None'}",0.7891666666666668
25,32,4,None,"{'min_samples_split': 25, 'max_depth': 32, 'seed': 4, 'q': 'None'}",0.7658333333333334
25,32,5,None,"{'min_samples_split': 25, 'max_depth': 32, 'seed': 5, 'q': 'None'}",0.8033333333333332
25,32,6,None,"{'min_samples_split': 25, 'max_depth': 32, 'seed': 6, 'q': 'None'}",0.7925
25,32,7,None,"{'min_samples_split': 25, 'max_depth': 32, 'seed': 7, 'q': 'None'}",0.7833333333333333
25,,2,None,"{'min_samples_split': 25, 'max_depth': None, 'seed': 2, 'q': 'None'}",0.7941666666666667
25,,3,None,"{'min_samples_split': 25, 'max_depth': None, 'seed': 3, 'q': 'None'}",0.7966666666666666
25,,4,None,"{'min_samples_split': 25, 'max_depth': None, 'seed': 4, 'q': 'None'}",0.7875000000000001
25,,5,None,"{'min_samples_split': 25, 'max_depth': None, 'seed': 5, 'q': 'None'}",0.7916666666666666
25,,6,None,"{'min_samples_split': 25, 'max_depth': None, 'seed': 6, 'q': 'None'}",0.8058333333333334
25,,7,None,"{'min_samples_split': 25, 'max_depth': None, 'seed': 7, 'q': 'None'}",0.8008333333333334
4,16,5,None,"{'min_samples_split': 4, 'max_depth': 16, 'seed': 5, 'q': 'None'}",0.886
4,16,5,None,"{'min_samples_split': 4, 'max_depth': 16, 'seed': 5, 'q': 'None'}",0.886
4,16,5,None,"{'min_samples_split': 4, 'max_depth': 16, 'seed': 5, 'q': 'None'}",0.886
4,16,5,None,"{'min_samples_split': 4, 'max_depth': 16, 'seed': 5, 'q': 'None'}",0.886
4,16,5,None,"{'min_samples_split': 4, 'max_depth': 16, 'seed': 5, 'q': 'None'}",0.886
4,16,5,None,"{'min_samples_split': 4, 'max_depth': 16, 'seed': 5, 'q': 'None'}",0.9
4,16,5,None,"{'min_samples_split': 4, 'max_depth': 16, 'seed': 5, 'q': 'None'}",0.9
4,16,5,None,"{'min_samples_split': 4, 'max_depth': 16, 'seed': 5, 'q': 'None'}",0.9
4,16,5,None,"{'min_samples_split': 4, 'max_depth': 16, 'seed': 5, 'q': 'None'}",0.9
4,16,5,None,"{'min_samples_split': 4, 'max_depth': 16, 'seed': 5, 'q': 'None'}",0.9
4,16,5,None,"{'min_samples_split': 4, 'max_depth': 16, 'seed': 5, 'q': 'None'}",0.9086666666666664
4,16,5,None,"{'min_samples_split': 4, 'max_depth': 16, 'seed': 5, 'q': 'None'}",0.9086666666666664
4,16,5,None,"{'min_samples_split': 4, 'max_depth': 16, 'seed': 5, 'q': 'None'}",0.9086666666666664
4,16,5,None,"{'min_samples_split': 4, 'max_depth': 16, 'seed': 5, 'q': 'None'}",0.9086666666666664
4,16,5,None,"{'min_samples_split': 4, 'max_depth': 16, 'seed': 5, 'q': 'None'}",0.9086666666666664
